case_uuid,violation_uuid,state_name,citation_sequence,employer_name,employer_dba_name,employer_city,violation_category,case_status,date_opened,date_paid,date_closed,amount_claimed,amount_assessed,amount_paid
cee1a29c-0400-4b40-a8b0-14b2ceb3ba2e,cef62d7f-d39b-410b-aefb-02d1cc14801e,Kentucky,1,AEROTEK INC,,FLORENCE,unpaid_wages,,,,2022-02-28,,,152.0
30fae3f3-ddbc-4790-96d5-dc6db97ec3f5,c2355347-afd6-46bc-9061-b31b0f38d4ec,Kentucky,1,#1 TOP SCHOOL LLC,,LEXINGTON,unpaid_wages,,,,2014-04-29,,,1031.8
3defd55a-a61e-49ee-8cc0-b95dcc8b6b42,257f2bb6-33ac-4d68-a5bf-5fcbefab3243,Kentucky,1,1 2 3 4 CAKES LLC,,FLORENCE,deductions,,,,2018-03-29,,,104.55
027f556a-f4e2-48bd-bdb6-800daf26c0fb,2585d36a-77e6-4f0b-bd32-4e792fa0ccdc,Kentucky,1,1 TOP SCHOOL LLC,,LEXINGTON,unpaid_wages,,,,2017-04-28,,,256.0
3fd87697-a8c4-49e1-b823-7cae7d7cde61,eebcae43-4d59-4217-97e6-3cf1cbb9f7ab,Kentucky,1,1202 MURRAY LLC,,MURRAY,deductions,,,,2019-03-26,,,512.53
c7194b87-0542-4d89-9d1a-c7f8f439f53b,bd2c5f86-3eea-4c8e-9fd7-ddc136a07a7c,Kentucky,1,141 S KILLARNEY LLC,,RICHMOND,minimum_wage,,,,2010-06-28,,,5167.1
c560ca90-f1c0-454b-ba4f-1708d19bb7b2,350c4075-3bbf-421f-af03-20a533dcf0dc,Kentucky,1,141 S KILLARNEY LLC,,RICHMOND,overtime,,,,2010-06-28,,,1847.6
4efe5eac-e309-4855-85d5-85149f835d23,48ce92db-b676-42b4-b7a0-70cda87c4f1e,Kentucky,1,1926 MARKETING LLC,,LOUISVILLE,unpaid_wages,,,,2017-07-07,,,1370.0
7a4db3fb-7d03-4798-979a-444d284b47ea,eb3d6874-ef02-4a9b-83d7-0998a8ab2f73,Kentucky,1,1ST CHOICEHEALTHCARE SERVICES LLC,,LEXINGTON,unpaid_wages,,,,2017-09-26,,,4746.15
56690c8a-53c9-475a-92ce-60804b865034,fbf843f9-35ea-4606-b2a7-23bee2fa20d0,Kentucky,1,2 K COMMUNICATIONS LLC,,GRANDVIEW,unpaid_wages,,,,2015-09-04,,,0.0
7974acd2-122d-485b-9dde-930e9703120d,910450c2-70fa-43dc-a6e9-2f07da0ffbc9,Kentucky,1,21ST CENTURY FLOOR COVERING LLC,,LOUISVILLE,unpaid_wages,,,,2012-07-17,,,250.0
0292af04-aa66-407a-a40b-efd641c7beaf,017171e3-2e64-4c61-9485-a62de4cb4965,Kentucky,1,21ST CENTURY FLOOR COVERING LLC,,LOUISVILLE,unpaid_wages,,,,2012-07-17,,,493.0
2f66956c-0e7f-4217-ae6c-e20fd58ecdc3,accb9440-90a3-452f-b2b8-e6d07a87c606,Kentucky,1,24 EXPRESSLLC,,BOWLING G,unpaid_wages,,,,2011-12-14,,,250.0
45e94db8-b0ea-4aa4-9598-11394c939bba,be553a96-4720-4fd5-9de1-45b3b7e4e8d1,Kentucky,1,24 EXPRESSLLC,,BOWLING G,unpaid_wages,,,,2011-12-14,,,737.8
a3928e34-6e66-4b32-af1b-32f160a12e3f,4dc17630-836a-457e-a64c-22d7462d58c2,Kentucky,1,25 VAPE & SMOKE LLC,,LONDON,unpaid_wages,,,,2022-05-24,,,423.31
410b10a8-6248-4e1c-a2f4-e5ea68080a5c,a02f9f9d-837b-482b-bf50-0ad5822dd360,Kentucky,1,2JR PIZZA ENTERPRISES LLC,,LOUISVILLE,unpaid_wages,,,,2015-02-20,,,25.38
95bc22fb-8bbb-4902-93f7-4c56ac5c807c,8574775b-d3d9-4c32-a182-1485285625f6,Kentucky,1,3 B AUTOMOTIVE INC,,BOWLING G,overtime,,,,2014-02-12,,,250.0
ac96e7de-adec-408c-8762-406c9919ea87,5f2443f9-6949-44c9-943d-dcd3aadbadbc,Kentucky,1,3 B AUTOMOTIVE INC,,BOWLING G,overtime,,,,2014-02-12,,,3909.12
734cf70c-6e55-4d71-b5f3-cbf016ca0bac,1d3c8f54-6843-4375-97f7-1b5c670f2893,Kentucky,1,360 EXPRESS COLLISION LLC,,LOUISVILLE,unpaid_wages,,,,2021-07-30,,,762.66
46cf9185-328a-4204-b32d-aa70e2214b0d,b3e0eda9-dcb5-4931-a5bd-f9de3ee46da9,Kentucky,1,3B ENTERPRISES INC,,LOUISVILLE,unpaid_wages,,,,2016-08-31,,,152.0
5e26819c-a6b5-4a46-92fd-2f779b1c2893,b6a1c424-c271-43e2-a4ff-ae67cdde425a,Kentucky,1,3B HOLDINGCO INC,,LOUISVILLE,unpaid_wages,,,,2012-03-14,,,907.25
d9accbca-5078-4c04-8d8f-5dbc4394a105,5a2a207e-00f2-4962-a1de-715200ab31f7,Kentucky,1,3D RESORTSBLUEGRASS LLC,,FALLS OF R,unpaid_wages,,,,2010-10-29,,,250.0
8e650b87-a556-4f99-ae8d-f1192143dfe4,c4916a9d-3873-4aae-8957-9a68da9acaee,Kentucky,1,3D RESORTSBLUEGRASS LLC,,FALLS OF R,unpaid_wages,,,,2010-10-29,,,4775.0
df444bad-6703-4438-a971-4c2bb4809b08,52ba8524-aa3c-495a-8f34-c0f1726c6597,Kentucky,1,502 RECOVERY INC,,LOUISVILLE,unpaid_wages,,,,2015-06-29,,,60.0
9227335d-d9f4-488c-a155-3ed146a70928,adfe3186-d5f6-43e1-9a87-a5801b9e49de,Kentucky,1,535 WEST PORT ROAD LLC,,ELIZABETHT,unpaid_wages,,,,2019-02-26,,,3338.5
c90fe7a4-1c2c-4a75-be36-c4a765efbb5f,09d5671b-c682-4f3f-8d79-ec2916468fdf,Kentucky,1,6 KIDS PIZZALLC,,COLD SPRIN,unpaid_wages,,,,2019-08-16,,,350.0
f17cffea-df37-47e2-8e31-ec42defbd0bf,177c7cea-dfee-4bd8-9181-2e0e53e704d4,Kentucky,1,911 BILLINGSERVICES ANDCONSULTANT INC,,MADISONV,unpaid_wages,,,,2017-03-28,,,72.0
13c64c58-3ebb-4b0d-9f0b-52108a6123f9,bb0ad103-a351-481a-b239-eec216be8487,Kentucky,1,A & A ADHIKARI CORPORATION,,RICHMOND,unpaid_wages,,,,2017-02-10,,,1900.0
c0cd9c72-455a-45cd-be89-01c8a08292ed,65eaa8e3-13a4-45c3-b108-d6383ee61976,Kentucky,1,A & A FOODSERVICE MANAGEMENT INC,,LEXINGTON,unpaid_wages,,,,2019-11-27,,,5000.0
efe73d6e-2377-44cf-ac7a-9a3ccff9abdb,ae835645-ea9a-4a06-9eb2-073373f0574c,Kentucky,1,A & A TRUCKING LLC,,BOWLING G,unpaid_wages,,,,2018-03-23,,,1150.0
bc61bcc5-cc89-43bf-9cc7-2cf32efdf458,5bd48fe2-33c5-44f8-b7c0-ada166122306,Kentucky,1,A & B HEATING & AIR CONDITIONING INC,,BURLINGTO,deductions,,,,2012-04-19,,,818.35
42f16084-d6de-4b0d-bd22-1403beac12d9,3f150d4c-0059-493c-ac8e-efb44d690c78,Kentucky,1,A & B HEATING & AIR CONDITIONING INC,,BURLINGTO,deductions,,,,2012-04-19,,,250.0
db62e07f-22ef-4c79-90f8-3daf00e4362e,fd86cefb-2ec6-4d15-8976-ced916da6b3b,Kentucky,1,A & B INDUSTRIAL SHEET METAL,,LEXINGTON,unpaid_wages,,,,2011-10-13,,,125810.82
ae676bb1-09c8-4e66-b167-295eacd683af,49ac89da-1b95-469f-b86e-645b358f3fb6,Kentucky,1,A & G COALCORPORATION,,ROANOKE,unpaid_wages,,,,2015-04-03,,,645.0
b78000f1-1c41-404b-8fda-ef11cc9e43b8,bf1385f1-6e29-4978-8332-42b2e17bbd29,Kentucky,1,A & J CATERING MANAGEMENT LTD CO,,MIDDLESBO,deductions,,,,2013-04-04,,,100.0
6563daff-5a75-4f51-9ea0-b220625175db,a4716557-3683-4ef9-b5f5-1eed08edafd7,Kentucky,1,A & J CATERING MANAGEMENT LTD CO,,MIDDLESBO,deductions,,,,2013-04-04,,,144.0
f26b816f-9713-4ed6-ab86-8dd364dd4394,6ddade2d-dea9-45b2-9bdd-613f529f3562,Kentucky,1,A & J MECHANICAL SERVICES LLC,,LEXINGTON,overtime,,,,2011-10-11,,,250.0
0d20cd6b-8beb-4e11-80e4-ef14fa471e79,f32e5644-802e-4b76-820c-9a5f58eebd59,Kentucky,1,A & J MECHANICAL SERVICES LLC,,LEXINGTON,overtime,,,,2011-10-11,,,262.5
a9a3cd92-8868-4a1a-a9c6-5d257070c1f0,09c48fcb-dc1d-467b-92e5-02ce66027e26,Kentucky,1,A & J MOBILE REPAIR CORP,,ROCKFIELD,unpaid_wages,,,,2015-06-29,,,765.0
30d54843-6e51-4772-964e-7ab3474427a7,01a45c0a-6d64-47d0-a21a-f3accf2e3601,Kentucky,1,A & M 8A INC,,LOUISVILLE,unpaid_wages,,,,2017-10-30,,,50.0
65b56a5f-d928-4339-ab90-4a8266241129,aec7629c-2443-482b-a2d9-7b45d07b17fc,Kentucky,1,A 1 COOLING INC,,CAMPBELLS,overtime,,,,2013-06-28,,,250.0
dc234a57-cbf7-43b1-bcdf-ba38ee407e33,52d6dd46-b954-43f5-aa65-6b681b64c972,Kentucky,1,A 1 COOLING INC,,CAMPBELLS,overtime,,,,2013-06-28,,,3133.12
b1a6b194-cdb1-4667-bc31-84535aa65ea6,b67ebd79-6179-4fa6-a228-7e32fcca44ea,Kentucky,1,A 1 WINCHESTER TOWINGAND RECOVERY INC,,LEXINGTON,unpaid_wages,,,,2011-10-10,,,374.96
83ea1c5b-ac1a-42d6-9ceb-f9a1907ead34,b69063c9-1e02-40b3-99a3-4d01fde44c31,Kentucky,1,A 1 WINCHESTERS TOWING& RECOVERY INC,,LEXINGTON,unpaid_wages,,,,2010-03-23,,,500.0
2bfc6af7-79f8-4a90-9fc8-0670039726cf,1744d402-72d8-42bb-abf1-59e72e6f9c08,Kentucky,1,A A SERVICECENTER INC,,SHELBYVILL,unpaid_wages,,,,2013-02-14,,,271.37
64e41586-fce6-4e7f-b715-a1f5b7125361,0986a831-fbca-42c9-948c-484380677efe,Kentucky,1,A B R HOLDING CORPORATION,,GEORGETO,unpaid_wages,,,,2013-10-03,,,183.06
6a08cf03-c313-41ca-9bf5-54228c07066a,b13a2580-5201-4396-9746-86b6fecfbd4d,Kentucky,1,A BABY EDUCATION CENTER LLC,,LEXINGTON,overtime,,,,2012-10-30,,,2000.0
647ca1d4-ec23-446c-99a4-0416caf09055,58002218-9078-40c6-877e-b4669d56cd3b,Kentucky,1,A BAZNIANEXPRESS LLC,,LOUISVILLE,unpaid_wages,,,,2016-12-20,,,4124.05
25f31884-3dd5-4bd0-8aff-4cb39f42b6e0,a0ae6ef3-9088-4480-90c5-107e27c755e5,Kentucky,1,A BAZNIANEXPRESS LLC,,LOUISVILLE,unpaid_wages,,,,2018-10-30,,,50.0
66b19f13-d89c-48fb-a0ff-07e88a99153b,228948b5-44b1-4b07-b8ca-0ec24dd221f4,Kentucky,1,A BETTER INDUSTRIAL TEMPORARY LLC,,LOUISVILLE,unpaid_wages,,,,2013-07-17,,,422.33
f8f97da7-4cca-4830-9d49-f6538a551106,2c8bce54-45c5-46ef-88f5-5ca4e9a71942,Kentucky,1,A BRIGHTERCHOICE LLC,,DANVILLE,unpaid_wages,,,,2017-05-23,,,29.0
0f6e962f-b55b-4c79-a639-9ed774da715c,7027a15b-a9a5-4b90-a86f-7cba155265f0,Kentucky,1,A BRIGHTERFUTURE INC,,ASHLAND,unpaid_wages,,,,2013-07-10,,,99.0
1aecfad8-8758-4ee4-8439-cd383770f8bb,03e9e5bf-6573-4de9-8f3f-22a8216991d1,Kentucky,1,A BRIGHTERFUTURE INC,,ASHLAND,unpaid_wages,,,,2014-12-23,,,216.0
38f43816-6f85-4b3b-a364-0c52e52edfa3,bce5f60a-1d63-4f9b-850f-32c6ad136649,Kentucky,1,A BRIGHTERFUTURE INC,,FLEMINGSB,unpaid_wages,,,,2015-03-24,,,181.25
0f18572e-26c5-4325-a6d5-09d0c22f61bd,b458830a-0a2c-43ee-b95f-89b0ccbf804e,Kentucky,1,A BRIGHTERFUTURE INC,,ASHLAND,unpaid_wages,,,,2016-04-27,,,1206.89
1d13acc2-539f-47ce-aacd-2f6c3cd8faf8,87ff0e7c-7f00-47c0-b0e4-73ce5585c395,Kentucky,1,A BRIGHTERFUTURE INC,,ASHLAND,unpaid_wages,,,,2014-06-06,,,343.0
d99f7298-6c28-42bc-9111-5ca89ccf8370,e6f34280-1f09-441b-b3ad-517b95689ec9,Kentucky,1,A C B AMERICAN INC,,COVINGTO,overtime,,,,2011-11-07,,,19299.94
0017e298-7a7a-4544-808e-680b75bfa048,fd4d6f16-38ff-445b-92d0-ba9bf11b4702,Kentucky,1,A C B AMERICAN INC,,COVINGTO,overtime,,,,2011-11-07,,,250.0
098442ca-929a-4365-9039-efe1dd8505b1,12fa97a3-a707-42fe-b0dd-d2513611e6b8,Kentucky,1,A CARING DOCTOR (MINNESOTA) PA PSC,,NEWPORT,unpaid_wages,,,,2014-07-02,,,700.0
49e3351a-f0cd-4456-9a8d-f6374102138c,f9d534a2-3b2d-4fd2-8656-1c7f21063dc6,Kentucky,1,A CENTER 4CHANGE COUNSELING & PSYCHOTHERA,,ASHLAND,unpaid_wages,,,,2018-06-06,,,71.0
4c1f8ff3-6ed8-4ff9-8a94-d4d1aee4a0eb,29fd2620-dab2-4e69-b33e-360e83cfce8a,Kentucky,1,A CENTER 4CHANGE COUNSELING & PSYCHOTHERA,,ASHLAND,unpaid_wages,,,,2016-08-30,,,700.0

