CASENUMBER,INDATE,CASESTATUS,EMPLOYERNAME,FOLDERNAICSCODE,WDWAGESDUE,WRWAGESPAID
2016 001056,6/14/2016,Final,WALLINGFORD FARM,444240,3451.85,985
2016 001074,6/15/2016,Final,Eden Cleaners LLC,812320,132.16,132.16
2016 001159,6/17/2016,Final,RAVEN'S NEST,722511,504,504
2016 001219,6/21/2016,Final,NORTHEAST SAFETY INC,561990,979,979
2016 001295,6/23/2016,Final,US Security Associates Inc,561612,85,85
2016 001354,6/24/2016,Final,Charleys Philly Steaks,722513,1080,
2016 001421,6/28/2016,Final,Cooperative Development Institute,541611,1875,1875
2016 001465,6/29/2016,Final,VILLAGE SWEEP LLC,561790,199.5,
2016 001652,7/6/2016,Final,Home Inc,624110,230.76,230.76
2016 001654,7/6/2016,Final,COMPREHENSIVE CLEANING SOLUTIONS,561790,490,490
2016 001660,7/7/2016,Final,PORTLAND COLLISION,811121,518,518
2016 001725,7/8/2016,Final,AFFORDABLE DELIVERY INC,484110,450,450
2016 001727,7/8/2016,Final,DUNKIN DONUTS,722513,320.56,320.56
2016 001827,7/13/2016,Final,Liquid Riot Bottling Co.,312111,324,324
2016 001831,7/13/2016,Final,PORTLAND CENTER FOR ASSISTED L,623311,1887.5,1887.5
2016 001934,7/18/2016,Final,OAK GROVE CENTER,623110,385.58,385.58
2016 001994,7/19/2016,Final,HAMPTON INN,721110,108,108
2016 002212,7/26/2016,Final,NORTHEAST SAFETY INC,561990,390,390
2016 002213,7/26/2016,Final,Elk Mountain Farm,111998,243,243
2016 002214,7/26/2016,Final,AUSTIN STREET BREWERY LLC,312120,7095.93,7095.93
2016 002383,7/29/2016,Final,"PINE TREE COMMUNITY SERVICES, LLC",624230,2220.56,2220.56
2016 002967,8/16/2016,Final,Rural Maine Care Group,621610,159,159
2016 002994,8/16/2016,Final,THE GOLDENROD,311340,700,
2016 002996,8/16/2016,Final,Boy Scouts of America,813410,2631.02,2631.01
2016 002998,8/16/2016,Final,WATERVILLE HOUSE OF PIZZA INC,722513,300,300
2016 002999,8/16/2016,Final,LITTLEFIELD CONCRETE FLOORS,238111,595,
2016 003000,8/16/2016,Final,CLUB TACONNET UNIT,721214,1500,1500
2016 003001,8/16/2016,Final,DANAS AUTO SALES,441120,615,615
2016 003040,8/17/2016,Final,SUN SET BEACH INN,721110,469.3,469.3
2016 003067,8/18/2016,Final,Onestaff Medical,561311,175.5,175.5
2016 003069,8/18/2016,Final,AMS BROWN STREET APARTMENTS LL,721110,1444.86,1444.86
2016 003070,8/18/2016,Final,SEAL COVE FARM L.L.C.,112420,72,72
2016 003219,8/25/2016,Final,KOSTAS RESTAURANT & BAR,722511,97,97
2016 003224,8/25/2016,Final,K S D ATLANTIC TRANSPORT SYSTEMS Inc,492210,525.36,525.36
2016 003227,8/25/2016,Final,LIL FOOTPRINTS DAYCARE,624410,117,117
2016 003629,9/6/2016,Final,KBC 14 LLC,722513,234,234
2016 003631,9/6/2016,Final,MAINE AUTO SERVICE,811111,132.14,132.14
2016 003771,9/8/2016,Final,Diamond cut concrete cutting,238910,124,
2016 003940,9/12/2016,Final,ABOVE & BEYOND CLEANING INC,561790,353.5,353.5
2016 004004,9/13/2016,Final,CHARLES NADEAU,238351,6710.2,
2016 004142,9/19/2016,Final,AYLAS SWEET WONDER,722515,386.72,386.72
2016 004193,9/20/2016,Final,CIRCLE K,457110,30.71,30.71
2016 004244,9/22/2016,Final,PROTEA INTEGRATED HEALTH AND W,621420,16977.84,
2016 004313,9/27/2016,Final,MAINE CONSERVATION CORP,924120,238.14,238.14
2016 004321,9/27/2016,Final,CALI'S CAFE & CORNER STORE,722513,1030,1030
2016 004424,9/30/2016,Final,GATEWAY GLOBAL SOLUTIONS INC,484110,529.29,529.29
2016 004428,9/30/2016,Final,FAR INC,811114,418,418
2016 004432,9/30/2016,Final,BARBARA GANEM,485310,435.53,435.53
2016 004475,10/3/2016,Final,"FITZGERALD, CHARLOTTE",621610,273.5,280.5
2016 004478,10/3/2016,Final,STARBIRD PIANO & ORGAN SHOPPE,459140,150,150
2016 004580,10/6/2016,Final,WEEBEEZ MT HOPE,445131,65.45,65.45
2016 004676,10/12/2016,Final,THE WHALE'S TALE,722511,99,99
2016 004677,10/12/2016,Final,STEPPING STONES EARLY LEARNING,624410,195,
2016 004680,10/12/2016,Final,PRO PAINT MAINE INC.,238321,228.47,228.47
2016 004683,10/12/2016,Final,SUPERIOR TRUCKING,458110,840,840
2016 004684,10/12/2016,Final,Bickmore LLC,238111,3770,
2016 004771,10/18/2016,Final,CAMERON HOUSTON,236118,505,505
2016 004804,10/19/2016,Final,Nathan O Northrup Forest Produ,113310,820,820
2016 004918,10/24/2016,Final,CAFUA DUNKIN MELVILLE AUGUSTA,722515,202.13,202.13
2016 004987,10/25/2016,Final,KORNERSTONE EMPLOYMENT,624310,332.5,332.5
2016 004989,10/25/2016,Final,H M THOMAS ASSOCIATES INC,541219,30,30
2016 004997,10/25/2016,Final,SPENCER'S MARKET,722515,1027.5,1027.5
2016 005030,10/26/2016,Final,OUELLETTE SAND & GRAVEL INC,423320,400,
2016 005113,10/28/2016,Final,KORNERSTONE EMPLOYMENT,624310,120,240
2016 005215,11/1/2016,Final,FULL CIRCLE HEALTH CARE LLC,621111,4636.41,
2016 005281,11/3/2016,Final,M & Ks Homemade Country Cooking,722511,37.72,37.72
2016 005410,11/8/2016,Final,HOLMES LEGAL GROUP LLC,541110,348,348
2016 005412,11/8/2016,Final,CORNERSTONE DENTAL,621210,200,200
2016 005482,11/9/2016,Final,OT TO PLAY OT TO LEARN,624410,551.2,551.2
2016 005512,11/10/2016,Final,CAMERON HOUSTON,236118,690,690
2016 005701,11/18/2016,Final,NEW ENGLAND HOTEL AND RESTAURANTGROUP LLC,722511,1718.75,1300
2016 005827,11/28/2016,Final,BRIARWOOD CHILDRENS HOUSE INC,624410,9663,9663
2016 006062,12/5/2016,Final,A C PROVOS INC,441120,616,616
2016 006113,12/7/2016,Final,DENNIS PAPER & FOODSERVICE,424410,612.46,612.46
2016 006319,12/16/2016,Final,ARTS SERVICE CENTER LLC,811111,330,330
2016 006409,12/21/2016,Final,NORTHEAST CHARTER & TOUR INC,485510,356.5,356.5
2016 006410,12/21/2016,Final,THAI SMILE & SUSHI RESTAURANT,722511,34.54,34.54
2016 004990,10/25/2016,Final,BLUE SKY COUNSELING,624190,456.25,456.25
2016 005527,11/10/2016,Final,Westbrook House of Pizza,722513,221.86,221.86
2016 006063,12/5/2016,Final,PHOENIX HOME IMPROVEMENT & PRO,236118,13760.75,
2016 006073,12/5/2016,Final,TOMS OF MAINE,325611,1106.2,1106.2
2016 006412,12/21/2016,Final,"LINDSEY HOTEL, THE",721110,1976.5,
2016 006477,12/28/2016,Final,TOROSO,722511,124.5,124.5
2016 006479,12/28/2016,Final,PERHAM JANITORIAL,561720,1753,
2017 000017,1/3/2017,Final,Augusta Laundry Centers LLC,812310,85,84
2017 000040,1/4/2017,Final,SWEET BEGINNINGS INFANT AND TO,624410,350,350
2017 000041,1/4/2017,Final,THE YORK HARBOR INN INC,721110,795,795
2017 000042,1/4/2017,Final,Bickmore LLC,238111,4418,2246.48
2017 000086,1/6/2017,Final,ALLAIRE DRYWALL INC,238310,1014.75,
2017 000116,1/9/2017,Final,Little Bears Den Learning Center,624410,125.5,169.5
2017 000270,1/13/2017,Final,Masa Sub and Grill,722513,136,136
2017 000411,1/19/2017,Final,HARDYPOND CONSTRUCTION,236220,371.34,371.34
2017 000429,1/19/2017,Final,RUFUS DEERING CO,444180,218.68,218.68
2017 000497,1/23/2017,Final,Peter Smith & Sons,488490,750,750
2017 000511,1/24/2017,Final,SMK DONUTS INC,722515,408.14,408.14
2017 000534,1/25/2017,Final,HIGGINS BEACH MARKET,445230,3230.27,
2017 000536,1/25/2017,Final,SEQUELCARE OF MAINE LLC,621610,164.06,164.06
2017 000794,2/1/2017,Final,MOSHERS SEAFOOD,445110,333,333
2017 000842,2/2/2017,Final,Fratres Ignis LLC,459420,10.65,10.65
2017 000873,2/3/2017,Final,NOBLE HOME HEALTH CARE INC,621610,49167.64,35073.87
2017 000977,2/7/2017,Final,BRIGHT BEGINNING'S CHILDCARE C,624410,31.5,31.5
2017 000978,2/7/2017,Final,Just Me In Home Care,624120,235,235
2017 001038,2/8/2017,Final,The Portland Meatball Co.,722511,204,204
2017 001070,2/9/2017,Final,Carroll F. Look Construction,238911,384,384
2017 001073,2/9/2017,Final,LAUNDRY DEPOT LLC,812310,125.02,92.19
2017 001282,2/21/2017,Final,Liberty Tax Service,541213,52.83,52.83
2017 001283,2/21/2017,Final,PATS PIZZA OF SCARBOROUGH,722511,3180,3180
2017 001313,2/22/2017,Final,WILLOW BAKE SHOPPE,311811,555.72,555.72
2017 001314,2/22/2017,Final,With Me Inc,541511,3295.7,
2017 001367,2/24/2017,Final,NEXXLINX CORPORATION,561422,355.5,355.5
2017 001375,2/24/2017,Final,CHHC,621610,58.12,58.12
2017 001584,3/6/2017,Final,R J TINGLER INC,484110,376.32,376.32
2017 001585,3/6/2017,Final,Snip & Tone,812112,320,320
2017 001682,3/8/2017,Final,MSAD 58,611110,402.3,402.3
2017 001687,3/8/2017,Final,Rise and Shine Cafe Inc,722511,117,117
2017 001688,3/8/2017,Final,MAINE LANDSCAPE MANAGEMENT LLC,561730,404.25,404.25
2017 001771,3/10/2017,Final,FIRESIDE LLC,722410,6600,
2017 001931,3/14/2017,Final,HOLLYS LLC,445131,996.07,996.07
2017 001935,3/14/2017,Final,VILLAGE HEALTH CARE LLC,621111,982.5,982.5
2017 002160,3/20/2017,Final,DAVES AUTO CARE,811192,460,460
2017 002382,3/27/2017,Final,RAO ENTERPRISES INC,238131,48,48
2017 002383,3/27/2017,Final,OSMOSE UTILITIES SERVICES INC,237130,800,800
2017 002406,3/28/2017,Final,COMFORTING CHOICES LLC,621610,441,
2017 002409,3/28/2017,Final,Adam Zajac Inc,238992,3179.4,3179.4
2017 002445,3/29/2017,Final,COMFORTING CHOICES LLC,621610,477,477
2017 002448,3/29/2017,Final,RMC Transportation,484121,1400,1400
2017 002450,3/29/2017,Final,Belfast Breeze Inn,721110,1794.38,1794.38
2017 002573,3/31/2017,Final,"Bowen, Francis D",236115,1032,1032
2017 002647,4/3/2017,Final,VAPOR GURUS LLC,459999,99.25,99.25
2017 002744,4/5/2017,Final,COMFORTING CHOICES LLC,621610,770,770
2017 003036,4/14/2017,Final,LEGAL EASE LLC PA,541110,335,335
2017 003358,4/26/2017,Final,T&D TIMBER PRODUCTS LLC,321113,441.75,
2017 003359,4/26/2017,Final,T&D TIMBER PRODUCTS LLC,321113,52.5,
2017 003361,4/26/2017,Final,Courtney Cleaners,812310,97.67,101.25
2017 003412,4/27/2017,Final,OCEANSIDE LANDSCAPING LLC,238991,117,
2017 003413,4/27/2017,Final,FRP ENGINEERING SOLUTIONS LLC,326199,9296,9096
2017 003415,4/27/2017,Final,DEREK LEONARD,811111,47.25,47.25
2017 003576,5/2/2017,Final,NORTH SAILS MAINE,314910,376.75,376.75
2017 003884,5/9/2017,Final,HCSG EAST LLC,561210,42.5,42.5
2017 003889,5/9/2017,Final,BESSIES RESTAURANT,722511,686,114.3
2017 003933,5/9/2017,Final,FURNICURE LLC,238221,3000,3000
2017 004183,5/16/2017,Final,ATLANTIC COAST TOWING INC,488410,480,480
2017 004195,5/16/2017,Final,"FULLCIRCLE SUPPORTS, INC.",621420,24741,16110.03
2017 004404,5/19/2017,Final,DEREK ROY,811192,189,
2017 004405,5/19/2017,Final,RESIDENTIAL AND COMMUNITY SUPP,623220,400,400
2017 004429,5/22/2017,Final,SUNRISE CAFE LLC,722511,3374.63,3374.63
2017 004469,5/23/2017,Final,SECUREMYNE INC,541519,40673.46,
2017 004481,5/24/2017,Final,CAIOLAS,722511,810,810
2017 004606,5/25/2017,Final,WICKACHEE DINING ROOM INC,722511,514.38,514.38
2017 005085,6/6/2017,Final,THE MARKET BASKET,445110,216,216
2017 005103,6/6/2017,Final,,114112,1250,
2017 005338,6/9/2017,Final,SEQUELCARE OF MAINE LLC,621610,72,72
2017 005477,6/13/2017,Final,TOTALLY KIDZ CHILD CARE & LEAR,624410,88.5,88.5
2017 005499,6/13/2017,Final,YELLOWFRONT GROCERY,445110,1280,1280
2017 005632,6/15/2017,Final,PENOBSCOT AERIE # 3177,813410,748.47,748.47
2017 005662,6/16/2017,Final,MEGANTIC FISH & GAME CORP,721214,6767.99,6768.01
2017 005689,6/16/2017,Final,TOROSO,722511,6089.5,
2017 006835,7/6/2017,Final,APEX MANAGEMENT,531311,722,722
2017 006837,7/6/2017,Final,NORTHEAST SAFETY INC,561990,266.53,266.53
2017 007196,7/17/2017,Final,MAINELY WRAPS,722513,55,
2017 007198,7/17/2017,Final,ADNIT INC,541512,1228.74,1228.74
2017 007513,7/25/2017,Final,RESIDENTIAL RESOURCES OF MAINE,624120,10,10
2017 007600,7/26/2017,Final,Lemays Lawn Svc & Driveway Sea,561730,126,126
2017 007691,7/28/2017,Final,Hilltop Superette,445131,104,104
2017 007731,7/31/2017,Final,DUNKIN DONUTS,722515,375.2,375.2
2017 007734,7/31/2017,Final,STUART B. MASON,722513,2240,2240
2017 007737,7/31/2017,Final,SEA SALT MARKET LLC,722511,149.52,149.52
2017 007763,7/31/2017,Final,THE DOCKSIDER,722511,841.02,841.02
2017 007785,8/1/2017,Final,NATURALLY POTATOES,311991,184.77,184.77
2017 007871,8/2/2017,Final,LEWISTON VARIETY LLC,445298,855,855
2017 008042,8/9/2017,Final,Jo's World Famous Schnitzel Wagon,722330,95,95
2017 008102,8/10/2017,Final,"LAVALLEE, KRYSTAL",722511,132,132
2017 008141,8/10/2017,Final,COUNTRY FARE CATERING INC,722320,20,20
2017 008214,8/14/2017,Final,TWO TOAD FARM,111219,300,300
2017 008257,8/15/2017,Final,GLASS SOLUTIONS LLC,238152,33.61,33.61
2017 008268,8/15/2017,Final,TAMI LYN WESTBROOK,722511,58,
2017 008286,8/16/2017,Final,MARRINERS RESTAURANT,722511,1368,1368
2017 008380,8/18/2017,Final,THE CELLAR BISTRO,722511,1407.28,1407.28
2017 008396,8/21/2017,Final,POINT 2 POINT GLOBAL SECURITY,561612,350,
2017 008487,8/23/2017,Final,"RICHARDSON, TIMOTHY B",561730,874.5,874.5
2017 008490,8/23/2017,Final,PROFESSIONAL SECURITY CONSULTA,561612,268.25,268.25
2017 008536,8/25/2017,Final,Grantlee's Inc.,722511,500,500
2017 008690,8/30/2017,Final,BACK TO BASICS BEHAVIORAL HEAL,624110,1801.04,1801.04
2017 008753,9/5/2017,Final,Sara A Currie Marketing Inc.,814110,1847.61,1847.61
2017 008755,9/5/2017,Final,MEANWHILE LLC,722511,5636.7,7370
2017 008869,9/8/2017,Final,O'Dan's Public House,722511,5008.5,
2017 008873,9/8/2017,Final,THE CELLAR BISTRO,722511,289.5,289.5
2017 008875,9/8/2017,Final,TINDALLS COUNTRY STORE & DAM D,445131,302.23,302.23
2017 008914,9/12/2017,Final,HARBOR CAFE,722511,627,627
2017 008968,9/13/2017,Final,AROOSTOOK BAND OF MICMACS,561110,88.56,88.56
2017 009023,9/15/2017,Final,MAINE IMMIGRANT AND REFUGEE SE,713940,1634.11,1634.11
2017 009115,9/20/2017,Final,APPALACHIAN TRAIL CAFE,722511,1584,1584
2017 009127,9/21/2017,Final,BOWDOIN TOWN STORE,457110,146,146
2017 009179,9/22/2017,Final,MEANWHILE LLC,722511,3919,3913
2017 009187,9/22/2017,Final,"ROLLOCK, CATHERINE L",812910,702,
2017 009275,9/27/2017,Final,ATTEAN LAKE LODGE,721110,350,350
2017 009278,9/27/2017,Final,SALT BAY CAFE,722511,788.92,
2017 009306,9/28/2017,Final,BLACK HORSE INN,721191,233.75,233.75
2017 009368,10/2/2017,Final,FOUR SEASONS JANITORIAL CONTRA,561720,390,390
2017 009371,10/2/2017,Final,MAS MEDICAL STAFFING,561320,114.51,114.51
2017 009460,10/5/2017,Final,DAYS INN,721110,33090,33090
2017 009490,10/6/2017,Final,TRAHAN APARTMENTS OOB LLC,531110,29.72,29.72
2017 009502,10/6/2017,Final,Liberty Group Holdings,531311,12930.66,12930.66
2017 009521,10/11/2017,Final,YORK EARTH WORX,238910,620,
2017 009557,10/12/2017,Final,MAINE COAST REGIONAL,622110,10899.96,10899.96
2017 009579,10/12/2017,Final,APEX PROPERTY MANAGEMENT LLC,561210,19.58,20
2017 009622,10/16/2017,Final,KEY FLORAL INC,425120,252,252
2017 009712,10/19/2017,Final,"RICHARDSON, TIMOTHY B",561730,645,645
2017 009726,10/19/2017,Final,FIVE BELOW INC,425120,904.5,904.5
2017 009814,10/24/2017,Final,Marks Southern Autos,441120,2370,2370
2017 009822,10/24/2017,Final,WAL MART DISTRIBUTION CENTER,493110,1304.62,1304.62
2017 009848,10/24/2017,Final,MOUNTAIN REAL ESTATE COMPANY LLC,523210,4361.28,4361.28
2017 009911,10/26/2017,Final,APPALACHIAN TRAIL CAFE,722511,649.25,649.25
2017 009987,11/2/2017,Final,JK ELECTRIC,238210,360,360
2017 010043,11/7/2017,Final,MAINE CUSTOM KITCHENS,238351,3636,3636
2017 010235,11/15/2017,Final,KATES BAKERY & CAFE LLC,311811,100,
2017 010266,11/17/2017,Final,AUGUSTA ESTATES LIMITED PARTNERSHIP,531190,2840,2840
2017 010287,11/21/2017,Final,SANFORD SCHOOL DEPT,611110,1707.25,
2017 010451,12/1/2017,Final,MATTHEW SHAW,541320,4355.47,4355.47
2017 010743,12/14/2017,Final,LARRYS ONE STOP,445131,139.75,139.75
2017 010807,12/21/2017,Final,BUFFALO WILD WINGS,722511,919.35,919.35
2017 007199,7/17/2017,Final,"NORTHERN LIGHTHOUSE INC, THE",623990,870.19,870.19
2017 008639,8/29/2017,Final,NEW MEADOWS ABATEMENT INC,562910,14871.48,14871.49
2017 008730,9/1/2017,Final,Perry Distribution LLC,425120,200,200
2017 009271,9/27/2017,Final,UNIVERSAL PROTECTION SERVICE L,561612,936.86,
2017 009596,10/13/2017,Final,UNIVERSITY OF MAINE SYSTEMS,611310,3367,3367
2017 010468,12/4/2017,Final,AROMA JOES LLC,722515,255.12,255.12
2017 010744,12/14/2017,Final,OAK GROVE NURSING CARE CENTER,623110,265,265
2017 010750,12/15/2017,Final,Worcester Wreath Company,339999,53.94,53.94
2017 010791,12/19/2017,Final,RICHEN MANAGEMENT LLC,561790,82.4,82.4
2017 010831,12/27/2017,Final,Professional Home Care Specialists LLC,621610,169,169
2017 010836,12/28/2017,Final,KNIGHT PROPERTY SERVICES LLC,561730,426.42,426.42
2018 000099,1/9/2018,Final,ART OF AWARENESS INC,621330,870,870
2018 000103,1/9/2018,Final,CORINNA MURPHY,485310,4934.5,4934.5
2018 000154,1/10/2018,Final,IN HOME SENIOR SERVICES INC,624120,33.75,33.75
2018 000155,1/10/2018,Final,KNIGHT PROPERTY SERVICES LLC,561730,104.94,104.94
2018 000291,1/19/2018,Final,Hilltop Superette,445131,43,43
2018 000294,1/19/2018,Final,OM SHIV SHAKTI CORP,721110,5000,5000
2018 000343,1/23/2018,Final,COUNTRY PRIDE CLEANING SERVICE,561720,500,500
2018 000350,1/23/2018,Final,DEVIN MARSHALL,238131,7540.99,
2018 000460,1/25/2018,Final,TRICO MILLWORKS,238351,414.35,414.15
2018 000558,1/30/2018,Final,A S & CB GOULD & SONS INC.,113310,664,664
2018 000603,1/31/2018,Final,CAFE DRYDOCK & INN,722511,871.52,871.52
2018 000634,2/1/2018,Final,POINT 2 POINT GLOBAL SECURITY,561612,1381.87,
2018 000746,2/5/2018,Final,"DROUTHY BEAR, THE",722511,149.09,149.09
2018 000847,2/7/2018,Final,OFF ROAD CONSTRUCTION,238992,740,740
2018 000890,2/7/2018,Final,PORTLAND POTTERY CAFE,722511,413.09,413.09
2018 000891,2/7/2018,Final,A C HOTEL,238311,646,646
2018 001285,2/20/2018,Final,DUNKIN DONUTS,722515,625.25,
2018 001401,2/23/2018,Final,LIBERTY BAY RECOVERY CENTER,621420,4804.78,4799.44
2018 001454,2/27/2018,Final,FOUR SEASONS CAFE,722511,1270.48,1270.48
2018 001456,2/27/2018,Final,MAINE ENVIRONMENTAL LLC,541690,425,425
2018 001457,2/27/2018,Final,INN AT DIAMOND COVE LLC,721110,1438.38,1438.38
2018 001549,2/28/2018,Final,BLUE SCHOOL INC,624410,120,120
2018 001587,3/1/2018,Final,ANTHONY F CAPODILUPO,812990,772.5,
2018 001623,3/5/2018,Final,BEANE CONSTRUCTION & PROPERTY,238161,5829.76,5829.71
2018 001624,3/5/2018,Final,PAPA JOHN'S PIZZA,722513,703.89,703.89
2018 001625,3/5/2018,Final,Friendship Lobster Co-Op,114112,610.89,
2018 001647,3/6/2018,Final,SERVICEMASTER CONTRACT SERVICE,561720,150,150
2018 001782,3/12/2018,Final,CARING HANDS OF MAINE,621210,80,80
2018 001815,3/14/2018,Final,FROSTYS DONUTS LLC,722515,620,620
2018 001816,3/14/2018,Final,TODD PURINGTON,561730,378,378
2018 001818,3/14/2018,Final,BSG INC,722511,650,
2018 001840,3/15/2018,Final,MIKE PAUL FOUNDATION INC,238111,237,237
2018 002042,3/22/2018,Final,GROUNDTECH EARTHWORKS,238910,6000,
2018 002255,3/30/2018,Final,LAKESIDE CONCRETE CUTTING INC,238992,175.5,175.5
2018 002257,3/30/2018,Final,WOOD FINISH PLUS,238350,885,885
2018 002300,4/2/2018,Final,BIDDEFORD PAINTING,238321,607.5,
2018 002349,4/3/2018,Final,AV Technik,532490,360,360
2018 002444,4/5/2018,Final,CHANGE OF SEASONS LANDSCAPING,561730,480,480
2018 002445,4/5/2018,Final,Main Street Grocery,445110,515.2,515.2
2018 002588,4/10/2018,Final,East Coast Shelter Clinic,541940,375,375
2018 002614,4/11/2018,Final,C SALT GOURMET MARKET,445298,172,174
2018 002627,4/11/2018,Final,Family Dollar,455110,524.96,524.96
2018 002724,4/17/2018,Final,J.T. HICKS & CO,541219,505.05,505.05
2018 002864,4/23/2018,Final,TEDD LAIT POST #75,813410,1000,1000
2018 002874,4/24/2018,Final,LUCINDAS DAY SPA INC,812199,222.6,222.6
2018 003213,5/3/2018,Final,FIELDINGS OIL CO INC,457210,460.75,470.75
2018 003264,5/4/2018,Final,CINTAS CORPORATION NO 3,812332,108,108
2018 003285,5/7/2018,Final,SODEXO INC,722310,514.55,60.75
2018 003370,5/8/2018,Final,Advance Health Network,621999,591.8,
2018 003601,5/14/2018,Final,FREEDOM FIRE PROTECTION INC,238222,672,672
2018 003605,5/14/2018,Final,SALMON FALLS ANIMAL HOSPITAL,541940,207.94,
2018 003679,5/15/2018,Final,LEGAL EASE LLC PA,541110,21827.5,
2018 004005,5/22/2018,Final,ANDOVER GENERAL STORE INC,457110,300,
2018 004055,5/24/2018,Final,DODGE OIL CO INC,457210,1076.64,1058
2018 004302,5/30/2018,Final,ROOST CAFE AND BISTRO,722511,77.63,77.63
2018 004328,5/30/2018,Final,CAMBRIDGE MARINE CONSTRUCTION,336611,2000,
2018 004330,5/30/2018,Final,RGIS,455219,138,138
2018 004465,6/1/2018,Final,BIG ROCK TRANSPORTATION LLC,484121,160,160
2018 004557,6/4/2018,Final,Fedcap Rehabilitation Services,624310,1237.77,1237.77
2018 004558,6/4/2018,Final,Garys Olde Towne Tavern,722410,278.19,278.19
2018 004912,6/7/2018,Final,EXECUTIVE INN,721110,149.75,149.75
2018 005067,6/11/2018,Final,DEREK LEONARD,811111,352.71,352.71
2018 005164,6/12/2018,Final,RECOVER TOGETHER INC.,624190,4817.35,4817.35
2018 005166,6/12/2018,Final,Chez Helen,722511,221.44,221.44
2018 005167,6/12/2018,Final,MAINE AUTO SERVICE,811111,663,663
2018 005325,6/14/2018,Final,TBA INC,441330,27.5,27.5
2018 005713,6/20/2018,Final,CORINNA MURPHY,485310,630,630
2018 006107,6/25/2018,Final,Kobe Garden,722511,4400,4400
2018 006157,6/26/2018,Final,START TO FINISH CLEANING,561720,198,198
2018 006687,7/3/2018,Final,"LAW Calibration, LLC",541380,562.05,656.25
2018 006830,7/9/2018,Final,HOPE ASSOCIATION,624120,308.17,308.17
2018 007068,7/16/2018,Final,ELM TREE DINER,722511,8360.95,7923.71
2018 007071,7/16/2018,Final,J.T. HICKS & CO,541219,1570.37,1570.37
2018 007095,7/17/2018,Final,Maine Media College,611610,3609.38,3609.38
2018 007139,7/17/2018,Final,BUNKERS WHARF I LLC,722511,364.56,364.56
2018 007158,7/18/2018,Final,Kilcollins Construction,236115,704.15,704.15
2018 007173,7/18/2018,Final,TEMP SETTERS MECHANICAL CONTRA,238222,1594.13,1594.13
2018 007207,7/18/2018,Final,CHASE CUSTOM HOMES & FINANCING,236115,5824,5824
2018 007312,7/23/2018,Final,FAIRGROUNDS PIZZA & PUB LLC,722511,866.44,866.44
2018 007329,7/23/2018,Final,JM CHEN LLC.,722511,1582.5,1582.5
2018 007372,7/24/2018,Final,COPP EQUIPMENT LLC,423810,584.45,584.45
2018 007376,7/24/2018,Final,BACKSTREET INC,722511,7896.42,274.38
2018 007382,7/24/2018,Final,WISCASSET FORD,441110,672,672
2018 007495,7/27/2018,Final,AROMA JOES,722515,20,0
2018 007560,7/30/2018,Final,MOTEL 6,721110,141.8,141.8
2018 007660,8/1/2018,Final,MANCHESTER FAMILY HEALTH,621111,1722.26,
2018 007767,8/3/2018,Final,J S L INVESTMENTS,722511,315.56,315.56
2018 007779,8/6/2018,Final,TIDE POOLS LEARNING CENTER,624410,705,705
2018 007836,8/7/2018,Final,Peace of Mind Oppourtunity Ser,561720,140.95,140.95
2018 007887,8/8/2018,Final,New England Golf and Tennis Camp,721214,1250,1250
2018 007904,8/9/2018,Final,LEAPS AND BOUNDS LEARNING CENT,624410,350,350
2018 007963,8/10/2018,Final,JPK INC,492210,346.5,346.5
2018 008038,8/14/2018,Final,RSU 10,611110,2775.99,2775.99
2018 008122,8/17/2018,Final,Cpm Constructors,237990,885.77,885.77
2018 008222,8/22/2018,Final,RICHEN MANAGEMENT LLC,561790,70,70
2018 008404,8/30/2018,Final,RUBYS RESTAURANT,722511,690,690
2018 008499,9/7/2018,Final,ABC BEHAVE LLC,624120,141.75,141.75
2018 008504,9/7/2018,Final,Owen's Farmhouse,722511,143,143
2018 008932,9/21/2018,Final,MAINE TOOL & MACHINE LLC,333998,1137.5,1137.5
2018 008936,9/21/2018,Final,CAIT ENTERPRISES,424690,360.44,360.44
2018 008975,9/25/2018,Final,BURGER KING,722513,330,330
2018 008977,9/25/2018,Final,DATA MARKETING SOLUTIONS INC.,541611,4588.12,4588.12
2018 009045,9/27/2018,Final,Pineapple Express Cleaning,561720,198,
2018 009134,10/4/2018,Final,CHASE CUSTOM HOMES & FINANCING,236115,2184,2184
2018 009186,10/10/2018,Final,INCOMER MAGAZINE LLC,513120,600,600
2018 009294,10/16/2018,Final,BJS WHOLESALE CLUB,455211,592.5,592.5
2018 009327,10/17/2018,Final,Rotary Pizza,722513,650,650
2018 009359,10/18/2018,Final,OARWEED RESTAURANT,722511,25296.44,25296.44
2018 009374,10/19/2018,Final,POPEYES LOUISIANA KITCHEN,722513,492,492
2018 009377,10/19/2018,Final,NORTH COUNTRY STEEL INC.,332312,5677.01,5677.01
2018 009380,10/19/2018,Final,H A BAILEY LUMBER CO,423310,2496,2496
2018 009544,10/30/2018,Final,PEOPLEREADY INC.,561320,96,96
2018 009603,11/1/2018,Final,SYLVAIN & SEVIGNY BUILERS INC,236115,806,806
2018 009642,11/5/2018,Final,Daves World Inc,238220,3433.23,3433.23
2018 009803,11/14/2018,Final,SAVILINX LLC,561422,2500,2500
2018 009806,11/14/2018,Final,LAFAYETTE BAR HARBOR LLC dba Looking Glass,721191,4180,4180.6
2018 009872,11/19/2018,Final,A H GROVER INC,238912,293.01,293.01
2018 009927,11/26/2018,Final,El Ancla,722511,1398.03,1308.03
2018 009951,11/27/2018,Final,Shalom House Inc,623220,24498.03,24498.03
2018 010059,12/3/2018,Final,FAMILY DOLLAR OPERATIONS INC,561110,276,276
2018 010177,12/10/2018,Final,COASTAL MAINE INTERNAL MEDICIN,621111,100,100
2018 010188,12/10/2018,Final,VANGUARD PROPERTY MANAGEMENT,531311,153,153
2018 010240,12/12/2018,Final,BELLA POINT INC.,623312,896.97,896.97
2018 010249,12/12/2018,Final,INTEGRATED SALES SOLUTIONS LLC,541613,62.88,62.88
2018 010305,12/14/2018,Final,COLLINS ENTERPRISES INC,488410,324,324
2018 001802,3/13/2018,Final,AROMA JOES,722515,7267.36,7267.36
2018 004296,5/30/2018,Final,PHILS SUPER VARIETY AND GRILL,722511,9371.94,8978.26
2018 004326,5/30/2018,Final,ULTIMATE EQUITY HOLDING,441120,380,
2018 005714,6/20/2018,Final,HIGHVIEW CHRISTIAN ACADEMY,611110,8989,2280
2018 006684,7/3/2018,Final,MILLMARK PRODUCTS INC,811411,8700,
2018 007871,8/8/2018,Final,MCLAUGHLIN BUILDERS,236118,8438.75,
2018 008416,8/30/2018,Final,ABEL'S LOBSTER POUND,722511,254.71,254.71
2018 008978,9/25/2018,Final,LAND AIR EXPRESS OF NEW ENGLAN,484122,46829,46829
2018 009044,9/27/2018,Final,POIRIER CAPITAL INVESTMENT GRO,523940,2479,2479
2018 009804,11/14/2018,Final,CRAIGS AUTO REPAIR LLC,811111,1244,
2018 009807,11/14/2018,Final,PILLARS COMMUNITY OUTREACH INC,624120,10633.95,10633.95
2018 009875,11/19/2018,Final,CIVIDANES LEARNING CENTER LLC,624410,44,44
2018 009913,11/21/2018,Final,EASY DAY,722511,320.68,320.68
2018 009984,11/30/2018,Final,DOLLAR GENERAL CORPORATION,455110,413.39,413.39
2018 009986,11/30/2018,Final,ANGLEZ BEHAVIORAL HEALTH SERVI,621420,1109.25,1109.25
2018 010239,12/12/2018,Final,WESTCON MANUFACTURING INC,333922,1302.26,1302.26
2018 010244,12/12/2018,Final,CINTAS CORPORATION NO 3,812332,120,120
2018 010252,12/13/2018,Final,RA MCDOUGALL BUILDER,236118,1000,640
2018 010307,12/14/2018,Final,BIG ROCK TRANSPORTATION LLC,484121,843.04,843.04
2018 010395,12/19/2018,Final,START TO FINISH CLEANING,561720,730.11,730.11
2018 010396,12/19/2018,Final,DOCK SQUARE COFFEE HOUSE,722515,246.18,246.18
2018 010397,12/19/2018,Final,CLEAN GREEN LLC,459999,4000,4000
2018 010398,12/19/2018,Final,ST MARYS REGIONAL MEDICAL CENT,622110,269.16,269.16
2019 000005,1/2/2019,Final,Burke Hill Farm,111334,23.94,23.94
2019 000008,1/2/2019,Final,UNITED PARCEL SERVICE,492110,333.79,333.75
2019 000016,1/2/2019,Final,YE OLE GENERAL STORE,457110,1023.12,328.07
2019 000028,1/3/2019,Final,Irving,457110,88,88
2019 000058,1/4/2019,Final,CORRECTIONAL HEALTH PARTNERS L,561110,1544.96,1544.96
2019 000084,1/7/2019,Final,Castle Builders,236118,218.1,79.5
2019 000111,1/8/2019,Final,LITTLE ANGEL'S MAGIC CHILDCARE,624410,1535.5,1535.5
2019 000158,1/14/2019,Final,ARTEMIS & DEAN LLC,722513,240.2,240.2
2019 000236,1/16/2019,Final,Misty Meadows Farm LLC,112120,585,585
2019 000315,1/18/2019,Final,CARING HANDS HOMECARE INC,621610,120,120
2019 000357,1/24/2019,Final,JODY PROCTOR INC,238331,1036,1036
2019 000360,1/24/2019,Final,HMS HOST CORPORATION,722513,268.75,495
2019 000362,1/24/2019,Final,C2C East LLC,722513,433.03,433.03
2019 000364,1/24/2019,Final,PENOBSCOT BAY DENTISTRY PA,621210,9.66,9.66
2019 000434,1/28/2019,Final,FAMILY FOCUS,624190,669.38,669.38
2019 000459,1/30/2019,Final,ARBY'S OF TOPSHAM,722513,120,120
2019 000460,1/30/2019,Final,HARRASEEKET INN INC,721110,1359,1395
2019 000468,1/31/2019,Final,JM CHEN LLC.,722511,4900,1678.75
2019 000470,1/31/2019,Final,MAINE FAMILY FARMS INC,424470,150,150
2019 000511,2/1/2019,Final,PLANET RECESS EDUCATIONAL CENTER,624410,65,
2019 000548,2/5/2019,Final,DAVE'S AMERICAN BUFFET,722513,153993.44,10867.13
2019 000555,2/5/2019,Final,DUNKIN DONUTS,722515,150,150
2019 000580,2/5/2019,Final,MAC ELLIS,332710,2871,1320
2019 000604,2/7/2019,Final,THE WOODS AT CANCO,623312,2362.5,2362.5
2019 000625,2/8/2019,Final,SLEEPERS,458110,180,180
2019 000819,2/19/2019,Final,TIMBERLAND TRUCKING CO INC,484121,280,280
2019 000832,2/20/2019,Final,MIRAKUYA INC,722511,3447.56,3447.56
2019 000879,2/21/2019,Final,ALLSCRIPTS HEALTHCARE LLC,541511,7806.91,
2019 000910,2/22/2019,Final,THE FORESTER PUB LLC,722511,400,
2019 001015,2/26/2019,Final,TIOO INC,457210,623.4,592.5
2019 001016,2/26/2019,Final,33 Elmwood,722511,150,150
2019 001025,2/26/2019,Final,HUB INTERNATIONAL NEW ENG LLC,541611,996.7,979.78
2019 001194,3/5/2019,Final,"SHED HAPPENS, INC",321992,5600,846.5
2019 001249,3/7/2019,Final,THE TURTLE RESTAURANT,722511,542.67,531.83
2019 001506,3/20/2019,Final,YORK CHILD CARE CENTER,624410,132,132
2019 001510,3/20/2019,Final,Shiretown Taxi,485310,1822.3,1822.3
2019 001543,3/21/2019,Final,ROUTE 236 VARIETY AND GRILL,445131,809,809
2019 001678,3/25/2019,Final,Kennebec Medical Consultants,621111,142.41,142.41
2019 001948,4/1/2019,Final,207 Tavern,722511,1380,1380
2019 001952,4/1/2019,Final,PEMAQUID HARBOR YACHTS LLC,336612,1326,1326
2019 002076,4/3/2019,Final,RAMADA WORLDWIDE INC,721110,36.25,35.26
2019 002312,4/10/2019,Final,PILLARS COMMUNITY OUTREACH INC,624120,1280,1280
2019 002561,4/17/2019,Final,ANGLEZ BEHAVIORAL HEALTH SERVI,621420,724.87,724.87
2019 002612,4/19/2019,Final,MERCY DIAGNOSTICS,621511,1622.45,1622.45
2019 002637,4/19/2019,Final,Braden Manufacturing LLC,333611,2487.9,2487.9
2019 003115,4/30/2019,Final,APPLE TREE EXCAVATION,238910,1275,1275
2019 003166,5/1/2019,Final,J & S OIL COMPANY INC,457110,178.75,178.75
2019 003300,5/6/2019,Final,Professional Home Care Specialists LLC,621610,600,600
2019 003371,5/7/2019,Final,MILLS MARKET,457110,352,352
2019 003448,5/9/2019,Final,P E OHALLORAN INC,484230,1380,1380
2019 003454,5/9/2019,Final,RA MCDOUGALL BUILDER,236118,384,384
2019 003585,5/14/2019,Final,"SEA STAR MARKET, THE",445131,419.85,419.85
2019 003698,5/16/2019,Final,TODD PURINGTON,561730,1042,1042
2019 003781,5/17/2019,Final,GRIMMEL INDUSTRIES INC,423930,409.23,409.23
2019 003783,5/17/2019,Final,NEW ENGLAND KITCHENS,238350,9449,9449
2019 003784,5/17/2019,Final,ELITE TAXI,485310,1012,1012
2019 003834,5/20/2019,Final,L & D Building & Remodeling,236118,3500,3500
2019 004179,5/29/2019,Final,MIXERS INC,722410,650,650
2019 004311,5/31/2019,Final,NORTHEAST CHARTER & TOUR INC,485510,474,474
2019 004320,5/31/2019,Final,MAS MEDICAL STAFFING,561320,776.4,837.8
2019 004324,5/31/2019,Final,THREE TIDES,722410,450,450
2019 004330,5/31/2019,Final,SEQUELCARE OF MAINE LLC,621610,2.75,
2019 004368,6/3/2019,Final,Dollar General,445131,262.5,262.5
2019 004429,6/4/2019,Final,"THE FORREST GROUP, LA",445132,564.28,564.28
2019 004465,6/4/2019,Final,PORTLAND POTTERY INC,459999,120,120
2019 004468,6/4/2019,Final,"QUARRY TAP ROOM LLC, THE",722511,25,30
2019 004470,6/4/2019,Final,Studio E Flett Design,541490,71.5,150
2019 004548,6/5/2019,Final,UNUM,524113,2866.3,2866.3
2019 004573,6/6/2019,Final,MAS COMMUNITY HEALTH SERVICES,561320,2235.91,4246.56
2019 004733,6/10/2019,Final,SPRING FOUNTAIN STUDIOS LLC,721110,10138,121.7
2019 004748,6/10/2019,Final,MARKET SQUARE RESTAURANT,722511,276,276
2019 004977,6/13/2019,Final,JADE GARDEN,722511,30282.56,29941.28
2019 005220,6/18/2019,Final,"SHED HAPPENS, INC",321992,231.25,231.25
2019 005527,6/21/2019,Final,Cafe Nomad  ,722513,372.9,372.9
2019 005529,6/21/2019,Final,TAMMARO LANDSCAPING & PROPERTY,561730,322.5,322.5
2019 005626,6/25/2019,Final,ANTHROPOLOGIE INC,458110,55.87,55.87
2019 005898,6/27/2019,Final,SACO RIVER DYEHOUSE,313310,6037.8,2960
2019 005955,6/28/2019,Final,PRATT & WHITNEY AIRCRAFT GROUP,336412,3256,
2019 006042,7/1/2019,Final,Glenn's Place,722511,4185.76,2232.12
2019 006260,7/8/2019,Final,Ocean Properties LTD,531311,875,875
2019 006284,7/8/2019,Final,Superior Trucking inc,484220,7912.25,
2019 006298,7/9/2019,Final,Wolfden Resources,238990,1451.25,1451.25
2019 006339,7/10/2019,Final,PARAGON SALON & SPA,812112,180,180
2019 006343,7/10/2019,Final,FLUX RESTAURANT LLC,722511,3482.12,
2019 006357,7/10/2019,Final,LOCAL FOOD 1 LLC,722513,495.6,495.6
2019 006394,7/10/2019,Final,MADISONS CAFE LLC,722513,216.67,216.67
2019 006401,7/10/2019,Final,"UPPER DECK SWH LLC, THE",722511,315,315
2019 006500,7/12/2019,Final,Big Dog Sports Bar & Grill,722511,1000,1000
2019 006579,7/15/2019,Final,The Meeting House,722511,1247.23,1247.23
2019 006682,7/17/2019,Final,The Handymen,236118,610,610
2019 006683,7/17/2019,Final,TERRACE BY THE SEA AT OGUNQUIT,721110,85,85
2019 006824,7/23/2019,Final,BILL'S PROPERTY MAINTENANCE IN,561730,1360,1360
2019 006846,7/23/2019,Final,KENNEBEC VALLEY FAMILY DENTIST,621210,349.54,349.54
2019 006851,7/23/2019,Final,SILLYS,722511,44,44
2019 006853,7/23/2019,Final,FALLS POINT MARINE INC,237990,820,820
2019 006860,7/23/2019,Final,CONSTRUCTION SYSTEMS OF NEW EN,238131,544,544
2019 006991,7/29/2019,Final,OCEANVIEW AT FALMOUTH,623311,2128.75,2128.75
2019 007025,7/30/2019,Final,ATWOOD LOBSTER LLC,424460,4326.92,4326.92
2019 007027,7/30/2019,Final,Steuben Country Store,445131,3891.72,3891.72
2019 007065,7/31/2019,Final,GARLAND MFG COMPANY,326130,3027.72,2999.99
2019 007169,8/6/2019,Final,"CARRIER TRUCKING INC, RICHARD",484220,125,125
2019 007186,8/7/2019,Final,FAMILY DOLLAR INC,455219,25,25
2019 007196,8/7/2019,Final,Chopstick Sushi,722511,4135.93,4135.93
2019 007260,8/8/2019,Final,"Howard, Warren",561730,736,
2019 007289,8/9/2019,Final,DENNIS PAPER & FOODSERVICE,424410,11957.49,951.69
2019 007348,8/13/2019,Final,BANK OF AMERICA NA,522210,667,667
2019 007378,8/14/2019,Final,NATURE'S MIRACLE,459999,173.8,173.8
2019 007386,8/14/2019,Final,CAMDEN NATIONAL BANK,521110,786.48,786.48
2019 007456,8/19/2019,Final,DUNKIN DONUTS,722515,348.54,348.54
2019 007478,8/20/2019,Final,TEAM PRIOR INC,722513,298,298
2019 007481,8/20/2019,Final,HARBOUR TOWNE INN INC,721191,3825,3825
2019 007482,8/20/2019,Final,HOMETOWN FUELS INC,457210,565.5,565.5
2019 007540,8/23/2019,Final,VETS SECURING AMERICA,561612,2595.6,
2019 007596,8/27/2019,Final,"SPECIAL PLACE INC, A",459999,1231.25,1231.25
2019 007602,8/27/2019,Final,Mi Sombrero,722511,2651,
2019 007656,8/29/2019,Final,GIBRAN GIFTS,459420,303.77,303.77
2019 007666,8/29/2019,Final,RIVERSIDE KWIK STOP,445110,664.08,664.08
2019 007747,9/5/2019,Final,HAPS CLEANING SERVICE (ADRIENNE Hapsgood),561720,550.5,550.5
2019 007748,9/5/2019,Final,PAGEMPLOYMENT,561311,222.1,222.1
2019 007754,9/5/2019,Final,RIVERSEDGE CHIROPRACTIC WELLNESS CENTER,621310,40.13,40.13
2019 007787,9/9/2019,Final,CROSSROADS CASE MANAGEMENT LLC,624229,258.96,258.96
2019 007838,9/11/2019,Final,OCEANIC INN INC,721110,1000,1000
2019 007940,9/16/2019,Final,Carriage House Mortgage Compan,522292,5708.46,5708.46
2019 008240,10/1/2019,Final,Gammon Lawn Care,561730,365,
2019 008344,10/4/2019,Final,ROCKPORT GRANITE INC,327991,14,28
2019 008382,10/8/2019,Final,JOHN MATHON,238351,637.5,637.5
2019 008383,10/8/2019,Final,OAKLAND HOUSE OF PIZZA,722513,765,765
2019 008404,10/9/2019,Final,VEHICLE WASH SYSTEMS,425120,99.96,99.96
2019 008420,10/10/2019,Final,IRONWOOD MAINE LLC,623990,700,
2019 008479,10/15/2019,Final,FROSTYS DONUTS LLC,722515,1420,1420
2019 008650,10/28/2019,Final,Advanced Construction of Maine,423330,77,77
2019 008652,10/28/2019,Final,Queen City Inn,721110,1316.53,1316.53
2019 008679,10/29/2019,Final,SHAW'S WATERVILLE,445110,305.49,305.49
2019 008719,10/31/2019,Final,STOCKHOUSE RESTAURANT & SPORTS,722511,792.72,792.72
2019 008940,11/12/2019,Final,LOVESHACK JUICERY,722513,836,863
2019 008953,11/13/2019,Final,THE HEALTHY CANNABIS COMPANY,459999,122.95,122.95
2019 008965,11/14/2019,Final,HILLCO SPECIALTIES INC,332710,400,
2019 008967,11/14/2019,Final,Frosty's Donuts,445291,526.42,
2019 008985,8/28/2019,Final,American Lighthouse Foundation,712110,412.5,412.5
2019 009093,11/20/2019,Final,"TYLER, JOSEPH W",457110,330.63,330.63
2019 009208,12/2/2019,Final,Jimmy's Rentals,531210,375,375
2019 009416,12/13/2019,Final,LAND AIR EXPRESS OF NEW ENGLAN,484122,220,220
2019 001384,3/18/2019,Final,Veranda Noodle bar,722511,1144,659
2019 007755,9/5/2019,Final,"RUN OF THE MILL PUBLIC HOUSE,",722511,4699.02,2138.55
2019 007929,9/13/2019,Final,DIESEL DIRECT INC,457210,2400,36
2019 008246,10/1/2019,Final,APPALACHIAN TRAIL CAFE,722511,1909,1909.33
2019 008402,10/9/2019,Final,SAN MARINO LLC,238320,207.27,207.27
2019 008541,10/18/2019,Final,Charlies Seafood Restaurant & Lounge,722511,220,220
2019 008638,10/28/2019,Final,Freeport Inn,721110,948.25,
2019 008676,10/29/2019,Final,BIDDEFORD SCHOOL DEPARTMENT,611110,18963.32,18273.81
2019 008884,11/6/2019,Final,The Hollow of Maine,325620,1428,1428
2019 009052,11/18/2019,Final,PIERCING PAGODA,458310,226.92,226.92
2019 009091,11/20/2019,Final,PLEASANT STREET DENTAL,621210,396,396
2019 009139,11/22/2019,Final,AMBULANCE SERVICE INC,621910,9311.5,9311.5
2019 009144,11/22/2019,Final,SANDRAS SEA SHELL CITY,455219,4633.98,1376.06
2019 009151,11/25/2019,Final,Hanks Husqvarna,811411,1484,
2019 009152,11/25/2019,Final,CORE LOGIX LLC,561422,78617.5,65476.09
2019 009175,11/26/2019,Final,Mama Bear In Home Care,621610,685.13,970.13
2019 009394,12/12/2019,Final,Professional Home Care Specialists LLC,621610,12039.68,12009.95
2019 009440,12/13/2019,Final,NEW COMMUNITIES INC.,623110,65.09,65.09
2020 000007,1/2/2020,Final,CASTLE TO COTTAGES APPRAISAL,531390,678.5,678.5
2020 000008,1/2/2020,Final,TOWN FAIR TIRE,441340,152,152
2020 000012,1/2/2020,Final,DXC TECHNOLOGY SERVICES LLC,541618,120.88,120.88
2020 000013,1/2/2020,Final,SUBWAY,722513,10799.24,7799.24
2020 000014,1/2/2020,Final,AMERICAN AERIAL SERVICES INC,238120,563.47,563.47
2020 000024,1/2/2020,Final,SULLIVANS AUTOMOTIVE SERVICE I,811111,69.28,69.28
2020 000203,1/9/2020,Final,BEALS JONESPORT COOP,424460,556.97,556.97
2020 000251,1/13/2020,Final,LITTLE CAESARS,722513,1129,1129
2020 000318,1/15/2020,Final,"TEFIII, LLC - DBA DODO'S MARKET",457110,13.82,13.82
2020 000456,1/22/2020,Final,DOWNEAST DRAGONFLY BAR & GRILL LLC,722511,156,150
2020 000464,1/22/2020,Final,RA MCDOUGALL BUILDERS,236115,910,
2020 000546,1/27/2020,Final,HAPS CLEANING SERVICE (ADRIENNE Hapsgood),561720,315.5,315.5
2020 000767,2/4/2020,Final,Barker Enterprises Inc,457210,2112,2112.5
2020 000924,2/10/2020,Final,OGUNQUIT TROLLEY CO LLC,485112,2924,2924.45
2020 000928,2/10/2020,Final,CAPTAIN DANIEL STONE INN,721110,4520.23,4520.23
2020 000931,2/10/2020,Final,DAVITA INC,621492,1963.6,1963.6
2020 000933,2/10/2020,Final,WESTBROOK PETROL LLC,457110,336,336
2020 000945,2/11/2020,Final,REEL PIZZA CINERAMA,722513,92,92
2020 000968,2/11/2020,Final,ALL ABOUT KIDS,624410,4005.03,4005.03
2020 001096,2/18/2020,Final,"APEX Engineering, Inc.(SANDERSON, STEPHEN)",541330,15553.5,15553.5
2020 001237,2/24/2020,Final,The Downtown Press Cafe ( Christopher Bracy),722511,13153.83,13153.83
2020 001332,2/26/2020,Final,INTEGRATED SALES SOLUTIONS LLC,541613,192,192
2020 001442,3/2/2020,Final,STONESCAPE MASONRY INC (Kurt Snyder),561730,522,522
2020 001478,3/3/2020,Final,AWEAR 4HEMP,459991,1126.22,1126.22
2020 001625,3/9/2020,Final,SEABOARD SECURITY INC,561612,93,99.6
2020 001737,3/17/2020,Final,RUBYS RESTAURANT,722511,800,
2020 001749,3/18/2020,Final,DEXTER DISCOUNT TIRE INC,441340,9194,9194
2020 001758,3/20/2020,Final,Barrettstown Farmhouse,722410,1350,
2020 001765,3/24/2020,Final,CYCLEBAR,713940,513.54,513.54
2020 001770,3/26/2020,Final,HAPPY CHINA BUFFET,722511,430.81,430.81
2020 001771,3/26/2020,Final,KURIOUCITY CHILDCARE & LEARNING,624410,72,
2020 001774,3/27/2020,Final,Mama's World Famous Edibles,311352,329,
2020 001778,3/27/2020,Final,GREAT FALLS DENTAL ASSOCIATES,621210,47654.98,42130.5
2020 001797,4/7/2020,Final,HOME TOWN BUFFET,722511,3172.8,3172.8
2020 001814,4/10/2020,Final,DON BROWN LAW PC,541110,316.25,
2020 001968,5/7/2020,Final,Stephens Pizza,722513,168,168
2020 002513,6/4/2020,Final,FIRST ATLANTIC HEALTHCARE INC,551114,5000,430.34
2020 002795,6/11/2020,Final,"LAST UNICORN, THE",722511,243,
2020 003105,6/19/2020,Final,"Nest Coffee, LLC.",722515,15.49,15.79
2020 003141,6/22/2020,Final,NAGAD INC,457110,156,156
2020 003700,7/8/2020,Final,FEILE RESTAURANT AND PUB,722511,169,169
2020 003701,7/8/2020,Final,Grant's Kennebago Camps,721214,308,308
2020 003939,7/17/2020,Final,LAKE GEORGE REGIONAL PARK,712190,3343.75,3343.5
2020 004027,7/22/2020,Final,Gerard Asphalt LLC,238990,817.5,
2020 004072,7/24/2020,Final,A&M HOME CARE,621610,304,304
2020 004133,7/28/2020,Final,TEQUILA FROGS,722511,250.32,
2020 004170,7/29/2020,Final,SEARSPORT SHORES OCEAN CAMPGRO,721211,492,492
2020 004317,8/6/2020,Final,ROGER CAMPBELL FLOORS,238331,104,104
2020 004496,8/17/2020,Final,SALTY BAY SEAFOOD TAKE OUT,722513,3025.31,
2020 004567,8/20/2020,Final,"GREENS KEEPER LLC, THE",561730,680,
2020 004568,8/20/2020,Final,Spruce Bay Farm & Landscape Inc.,561730,665,665
2020 004585,8/21/2020,Final,SALTY BAY SEAFOOD TAKE OUT,722513,76.97,76.97
2020 004589,8/21/2020,Final,L E NORWOOD & SONS,238111,37.5,37.5
2020 004590,8/21/2020,Final,SODERBERG CONSTRUCTION COMPANY,238912,82,81.25
2020 004694,8/28/2020,Final,DANIELS ACCESSIBILTY & MEDICAL,456199,812.6,812.6
2020 004755,9/2/2020,Final,Gammon's HVACR & Food Equipment Repair,238221,732.4,732.4
2020 004796,9/4/2020,Final,Jack Russells Steakhouse and Brewery,722511,2607.49,2607.49
2020 004798,9/4/2020,Final,Burke Hill Farm,111334,208,208
2020 004821,9/8/2020,Final,Butlers Auto Body,811121,700,700
2020 004905,9/14/2020,Final,Allegis Global Solutions,561311,17162.5,17162.5
2020 004969,9/17/2020,Final,Pronto Burrito Corp.,722513,1067.28,1067.28
2020 004971,9/17/2020,Final,One Call Contracting,236118,1034,1034
2020 004998,9/21/2020,Final,PORTLAND PIE COMPANY,722513,339,339
2020 005038,9/24/2020,Final,Integrated Medicine in Midcoast Maine,621111,200,1452
2020 005039,9/24/2020,Final,CENTRAL MAINE HARLEY-DAVIDSON,441227,51,51
2020 005051,9/25/2020,Final,FAMILY DOLLAR INC,455219,527.5,527.5
2020 005098,9/28/2020,Final,TWIN CITY RADIATOR ALTERNATER,811111,631.63,631.63
2020 005107,9/29/2020,Final,MOODYS COLLISION CENTERS INC,811121,672,756
2020 005175,10/6/2020,Final,RICHARD ROY MASONRY,238141,30,30
2020 005248,10/14/2020,Final,Demoulas Supermarket Inc,445110,106.25,
2020 005371,10/26/2020,Final,CARVER CONSTRUCTION INC,238911,1162.4,1162.4
2020 005459,10/30/2020,Final,C&E FEEDS,444240,2700.58,
2020 005562,11/9/2020,Final,MoeSoap,459420,125,104.55
2020 005584,11/10/2020,Final,UNITED PARCEL SERVICE INC,492110,1531.11,1531.11
2020 005586,11/10/2020,Final,Volt Workforce Solutions,561311,3498,3498
2020 005698,11/20/2020,Final,MANPOWER TEMPORARY SERVICES,561320,6122.03,6122.03
2020 005706,11/23/2020,Final,JUST ME INC,624120,12,
2020 005708,11/23/2020,Final,"SEA STAR MARKET, THE",445131,614.07,614.07
2020 005730,11/30/2020,Final,Maine Mall Eye Care,621320,1920.5,1920.5
2020 005846,12/3/2020,Final,Dunkin Donuts Hollis,722515,990.28,990.28
2020 005961,12/14/2020,Final,MidCoast Construction,236115,8000,8000
2020 005986,12/16/2020,Final,"Modern Decorators, LLC",238321,1745.22,1745.22
2019 004318,5/31/2019,Final,VARANO'S,722511,9711.04,6754.05
2019 005930,6/27/2019,Final,BILLY'S CHOWDER HOUSE,722511,6228.52,1994.93
2019 008654,10/28/2019,Final,Ogunquit Beach Lobster House,722511,11218.22,10678.34
2020 001060,2/13/2020,Final,"H&D ENTERPRISES, LLC",722513,40591.32,39089.36
2020 001676,3/11/2020,Final,PILLARS COMMUNITY OUTREACH INC,624120,140,140
2020 001780,3/31/2020,Final,"NINJA HOUSE, INC.",722511,2917.46,5825.92
2020 005223,10/13/2020,Final,The Provender Kitchen & Bar,722513,608.81,608.81
2020 005346,10/21/2020,Final,FIVE GUYS BURGERS & FRIES,722513,813.95,2411.58
2020 005348,10/22/2020,Final,Abbott Laboratories,325413,1710,1710
2020 005724,11/25/2020,Final,SACOPEE RESCUE UNIT INC.,621910,27441.22,27441.22
2020 005918,12/9/2020,Final,Pronto Burrito Corp.,722513,123.5,123.5
2020 005990,12/16/2020,Final,THERAPY SOLUTIONS LLC,561320,587.25,587.25
2020 006068,12/28/2020,Final,"A-H Custom Builders, Inc",236118,1500,1500
2020 006075,12/29/2020,Final,"Citizens of Maine, LLC",624190,32.8,32.8
2020 006084,12/31/2020,Final,START TO FINISH CLEANING,561720,590.24,590.24
2021 000012,1/4/2021,Final,"Troy Contractors, LLC",236220,5610,5610
2021 000040,1/6/2021,Final,JUST ME INC,624120,324,324
2021 000137,1/15/2021,Final,ROAD RUNNER TAXI LLC,485310,350,350
2021 000184,1/21/2021,Final,Maine Heating Solutions,457210,1302,1302
2021 000186,1/21/2021,Final,One Call Contracting,236118,1386,1386
2021 000206,1/22/2021,Final,K's Taxi,485310,1116,670
2021 000294,2/1/2021,Final,GOTTADO CONTRACTING LLC,484110,320,320
2021 000297,2/3/2021,Final,WHEN PIGS FLY INC,311812,91.32,91.32
2021 000341,2/4/2021,Final,COASTLINE ELECTRIC CO INC,238211,701,1.72
2021 000399,2/9/2021,Final,PANERA BREAD,722513,584.93,584.93
2021 000416,2/10/2021,Final,SADDLEBACK MOUNTAIN,713920,560,0
2021 000437,2/11/2021,Final,AMERICAN SECURITY ALARM INC,561621,3257,
2021 000525,2/19/2021,Final,MELLEN STREET MARKET,445131,3695.58,0
2021 000544,2/22/2021,Final,Kevins Produce Transfer LLC,484220,540,540
2021 000545,2/22/2021,Final,Peaceful Souls,621610,1700,
2021 000559,2/22/2021,Final,COWORX STAFFING SERVICES LLC,561320,2634.07,2634.07
2021 000734,3/2/2021,Final,JUST ME INC,624120,833.83,0
2021 000772,3/3/2021,Final,The Hope Group,423720,2500,2500
2021 000773,3/3/2021,Final,Manchester Motors,441120,6531.16,13062.32
2021 000832,3/8/2021,Final,The Healthy Cannabis Co.,459999,444.92,444.92
2021 000882,3/10/2021,Final,BENCHMARK CLEANING & SUPPLY IN,561720,460.75,460.75
2021 000883,3/10/2021,Final,Jason NADEAU & Sons LLC,238911,9441.43,9441.46
2021 000945,3/15/2021,Final,VETERANS OF FOREIGN WARS POST,813410,62.08,62.08
2021 000946,3/15/2021,Final,JLL Enterprises LLC,484110,1600,0
2021 001093,3/22/2021,Final,MAINE HOUSING & BUILDING MATER,444180,2132.34,2500
2021 001096,3/22/2021,Final,Warren's Waterfront Restaurant,722511,38.04,38.04
2021 001101,3/22/2021,Final,The Healthy Cannabis Company,459999,2434.37,646.17
2021 001128,3/23/2021,Final,El Tequila Mexican Restaurant,722511,662.72,662.72
2021 001176,3/25/2021,Final,R MARQUIS Construction LLC,236118,1731.57,1731.57
2021 001235,3/29/2021,Final,Biome,459999,4400,4400
2021 001553,4/7/2021,Final,LEE'S FAMILY TRAILER SALES & S,441210,21000,2605.3
2021 001677,4/12/2021,Final,PARADIGM WINDOWS SOLUTIONS,326199,760,760
2021 001690,4/12/2021,Final,Luchador Tacos,722513,60726.39,66501.98
2021 001979,4/22/2021,Final,ADUSA Dist. LLC,424410,525,525
2021 002189,4/28/2021,Final,GREAT FALLS MARKETING LLC,561422,227.89,227.89
2021 002274,4/30/2021,Final,York Beach Surf Club,721110,6691.58,6692.07
2021 002349,5/3/2021,Final,KATHRYN HUGHES ASSOCIATES INC,541611,518.67,518.67
2021 002360,5/3/2021,Final,BEAR HILL ELECTRIC LLC,238211,1087.73,1087.73
2021 002501,5/5/2021,Final,HARPSWELL COASTAL ACADEMY INC,611110,64.13,64.13
2021 002509,5/5/2021,Final,PUBLICOVER SECURITY SERVICE I,561612,1503,1503
2021 002794,5/12/2021,Final,NORTHEAST DRIVING School LLC,611692,68,68
2021 003026,5/17/2021,Final,Bangor / Holden KOA Holiday,721211,202.97,202.97
2021 003489,5/25/2021,Final,MCDONALDS,722513,150.32,150.32
2021 003901,6/2/2021,Final,Concorde Jet Center,488190,1172.5,1172.5
2021 003982,6/2/2021,Final,SAVILINX LLC,561422,522.75,374.51
2021 004021,6/3/2021,Final,IHOP - SACO,722511,243,
2021 004059,6/4/2021,Final,New Acadia Solutions LLC,621610,422.5,
2021 004190,6/7/2021,Final,WAL MART SUPERCENTER,455211,700,700
2021 004441,6/9/2021,Final,Coastline Homes OpCo LLC,459930,31452.82,31452.82
2021 004521,6/10/2021,Final,Keystrokes Transcription Services Inc,561410,9671.04,9671.04
2021 005021,6/17/2021,Final,A&M HOME CARE,621610,265.05,265.05
2021 005169,6/21/2021,Final,SANDPIPER MOTEL,721110,40,40
2021 005292,6/22/2021,Final,GRANTS KENNEBAGO CAMPS INC,721214,450,450
2021 005401,6/23/2021,Final,Salmon Run Farms,112990,448.63,448.63
2021 005647,6/28/2021,Final,Fogtown Brewing Company LLC,312120,1283.37,1283.37
2021 006049,7/6/2021,Final,All Kind LLC,459999,400,400
2021 006102,7/7/2021,Final,OLD TOWN RECREATION CENTER,624110,4235.8,4235.8
2021 006361,7/13/2021,Final,Greater Pen-bay Drving Academy,611692,300,300
2021 006432,7/15/2021,Final,Salmon Run Farms,112990,432.99,432.99
2021 006433,7/15/2021,Final,MOOSE ALLEY,713950,3175.62,3175.62
2021 006710,7/26/2021,Final,GENESIS HEALTHCARE LLC,551114,110.82,110.82
2021 006726,7/26/2021,Final,Dockside Restaurant & Bar,721110,923.08,923.08
2021 006849,7/29/2021,Final,Nouria Energy,445131,89,89
2021 006867,7/29/2021,Final,T Y LIN INTERNATIONAL,541330,6846.49,6846.49
2021 006914,7/30/2021,Final,MAINE-AIK LLC,722511,5250,5250
2021 007169,8/4/2021,Final,FREEPORT HARDWARE,444140,291.6,291.6
2021 007418,8/16/2021,Final,CENTRAL MAINE HEALTHCARE CORP,622110,3075.39,3075.39
2021 007455,8/17/2021,Final,Trinity Health Corp,561110,218.62,218.62
2021 007555,8/20/2021,Final,Express Factory Outlet,458110,45,45
2021 007586,8/23/2021,Final,1800 Club,722511,148.11,
2021 007606,8/24/2021,Final,Chebeague Island Inn LLC,721110,1260.35,1260.35
2021 007609,8/24/2021,Final,Belanger Tree Care,561730,726.25,726.25
2021 007654,8/25/2021,Final,Spartan Construction LLC,238320,591.28,591.28
2021 007669,8/26/2021,Final,St. Croix Snack Shack,722513,38.7,38.7
2021 007697,8/30/2021,Final,UNITY SHOP N SAVE,445110,2220.32,220.32
2021 007743,9/2/2021,Final,NOURIA ENERGY RETAIL INC,457120,18.22,18.22
2021 007753,9/3/2021,Final,Grant's Kennebago Camps,721214,218.75,218.75
2021 007769,9/7/2021,Final,PRATT & WHITNEY AIRCRAFT GROUP,336412,926.1,926.1
2021 007868,9/13/2021,Final,TOWN HILL BISTRO LLC,722511,720,720
2021 007887,9/14/2021,Final,New Acadia Solutions LLC,621610,185.5,185.5
2021 007901,9/15/2021,Final,PJM Cleaning & Home Improvement,236118,701.5,701.5
2021 007920,9/16/2021,Final,Allied Universal Security Services,561612,166.96,166.96
2021 007932,9/17/2021,Final,Burger King 95 South,722513,990,990
2021 008028,9/22/2021,Final,Corporate Environmental Advisors,541620,7323.08,7323.08
2021 008084,9/27/2021,Final,BRANCHES LLC,623210,500,500
2021 008094,9/27/2021,Final,SEQUELCARE OF MAINE LLC,621610,100,100
2021 008114,9/28/2021,Final,Royal Bees and Honey,424590,1910,1910
2021 008121,9/28/2021,Final,Village Pizzeria,722513,174.54,174.54
2021 008213,10/5/2021,Final,HARPSWELL COASTAL ACADEMY INC,611110,3298.36,3298.36
2021 008216,10/5/2021,Final,CosMedix and Cryo Med Spa,812199,225,225
2021 008254,10/7/2021,Final,BETHEL INN & COUNTRY CLUB,721110,159.27,159.27
2021 008349,10/18/2021,Final,SPRING BROOK ICE AND FUEL CO,457210,388.8,388.8
2021 008353,10/18/2021,Final,Bad Apple,484110,1412.5,1412.5
2021 008396,10/21/2021,Final,Bradbury Painting,238320,288,288
2021 008397,10/21/2021,Final,SCARBOROUGH TERRACE,623312,112.5,112.5
2021 008440,10/26/2021,Final,Corporate Environmental Advisors,541620,44693.94,44693.94
2021 008502,11/1/2021,Final,PERUVIAN LINK CO,424350,617.46,617.46
2021 008588,11/5/2021,Final,Quoddy Incorporated,316990,120,120
2021 008635,11/9/2021,Final,ECOCOR LLC,321211,876,876
2021 008636,11/9/2021,Final,BRIGHT BEGINNING'S CHILDCARE C,624410,150,150
2021 008680,11/15/2021,Final,SAVILINX LLC,561422,584.39,584.39
2021 009056,12/6/2021,Final,D&S BUILDERS LLC,238131,595,595
2021 009182,12/10/2021,Final,ALMIGHTY WASTE INC,562111,314.5,314.5
2021 009232,12/13/2021,Final,New Tides Residential,621330,4000,4153
2021 009268,12/14/2021,Final,Portland CITY HALL,921120,77.12,77.12
2021 009473,12/20/2021,Final,Teacher's House Childcare,624410,1049.6,1049.6
2021 000293,2/1/2021,Final,H B PROVISIONS INC,445131,439.53,439.53
2021 007666,8/26/2021,Final,Global Tech Holdings Inc,551112,3207.75,
2021 008641,11/10/2021,Final,CREW OGT LLC,722511,591.83,591.83
2021 008713,11/17/2021,Final,Ieronimo Holdings LLC,722513,1795.5,
2021 008895,11/30/2021,Final,Superior Fence Inc,238992,2831.28,2831.28
2021 009036,12/6/2021,Final,CENTRAL MAINE HEALTHCARE CORP,622110,1896.75,1896.75
2021 009170,12/9/2021,Final,Greenery Cafe,722511,664.13,613.32
2022 000133,1/7/2022,Final,Global Tech Holdings Inc,551112,20,
2022 000144,1/7/2022,Final,Georges River Mercantile,455219,112,112
2022 000190,1/11/2022,Final,Armor Correctional Healthcare,621420,690.08,690.08
2022 000271,1/18/2022,Final,MAINE MEDICAL CENTER,622110,1436.73,1436.73
2022 000332,1/20/2022,Final,Jade Integrated Health,622110,840,840
2022 000389,1/24/2022,Final,UNITED PARCEL SERVICE,492110,513.42,513.42
2022 000426,1/25/2022,Final,TOWNE MOTEL,721110,236.48,236.48
2022 000439,1/26/2022,Final,T-Mobile,517112,147,147
2022 000485,1/27/2022,Final,STEVES APPLIANCE SERVICE & SAL,449210,757,772.72
2022 000486,1/27/2022,Final,ADVANCED MODIFICATIONS,441110,369.48,369.48
2022 000517,1/28/2022,Final,FALMOUTH COUNTRY CLUB,713910,1057.69,1057.69
2022 000639,2/7/2022,Final,H E CALLAHAN CONSTRUCTION COMPANY,236220,101.24,101.24
2022 000641,2/7/2022,Final,UNIFIRST CORPORATION,812332,1010,
2022 000770,2/10/2022,Final,MedPro Associates,922140,307.65,307.65
2022 001077,2/23/2022,Final,Blossoms Childcare Center,624410,2161,2261
2022 001094,2/24/2022,Final,ARABICA COFFEE COMPANY INC,722515,2195.55,2020.24
2022 001099,2/24/2022,Final,1 Stop Cleaning Solutions of America,561720,119.96,
2022 001172,3/1/2022,Final,Little Neros Pizza Company,722513,3980.88,
2022 001244,3/3/2022,Final,"Boba Holding, LLC",722511,1095.82,886.89
2022 001320,3/8/2022,Final,COLLINS ENTERPRISES INC,488410,220,220
2022 001439,3/11/2022,Final,Ralph Smith,812199,13215,13215
2022 001476,3/14/2022,Final,CHARLIE'S Restaurant,722511,349.67,193.38
2022 001490,3/14/2022,Final,Highbrow Studio,812199,3620.5,3620.5
2022 001491,3/14/2022,Final,Twelve North Agency,541613,6000,6000
2022 001538,3/15/2022,Final,East Atlantic Seafood Trading,114112,1400,1400
2022 001737,3/22/2022,Final,DUNKIN DONUTS,722515,26.05,26.05
2022 001770,3/23/2022,Final,PORTLAND SMILES PA,621210,4464,
2022 001839,3/25/2022,Final,NORTH COUNTRY ASSOCIATES,551114,1836.16,1836.16
2022 001924,3/30/2022,Final,CHINA COOKIE,722513,586.5,586.5
2022 001979,3/31/2022,Final,KENTUCKY FRIED CHICKEN,722513,860.35,860.35
2022 002144,4/5/2022,Final,PRATT & WHITNEY AIRCRAFT GROUP,336412,133.12,133.12
2022 002298,4/11/2022,Final,WINDHAM INDOOR SHOOTING RANGE,459110,5805.36,5805.36
2022 002549,4/19/2022,Final,Bare Waxing Boutique,812199,300,312
2022 002621,4/22/2022,Final,DUNKIN DONUTS,722515,280.64,208.64
2022 002705,4/25/2022,Final,Luke's Lobster LLC,722511,290.27,7410.04
2022 003888,5/19/2022,Final,Pat's Pizza-Brunswick,722511,72.1,72.1
2022 003930,5/19/2022,Final,PRESQUE ISLE INN & CONVENTION,721110,9418.63,9418.63
2022 003946,5/19/2022,Final,"Trust In Us, LLC",621610,2173.92,2173.92
2022 006820,6/29/2022,Final,Aerotek Staffing & Recruiting,561320,350,350
2022 007373,7/12/2022,Final,Luchador Tacos,722513,137.38,137.38
2022 007524,6/28/2022,Final,Affinity Nutrition,456191,972,972
2022 008591,8/22/2022,Final,BRU THRU,722513,481.59,481.59
