case_uuid,violation_uuid,state_name,citation_sequence,employer_name,employer_dba_name,employer_city,violation_category,date_opened,date_paid,date_closed,amount_claimed,amount_assessed,amount_paid,paid_in_full
7dddee55-13ca-4dea-a16e-299ff05664ee,01087a8f-425c-445b-88cf-a02c7f2f3977,Colorado,1,Triple Canopy Inc.,,,,,,2022-03-22,,,,
0c561a49-dca7-4ae3-8f32-4d2b464e06bf,4953e3a9-9231-4693-a750-a04f6bc20d45,Colorado,1,Southwest Airlines Co.,,,,,,2022-03-18,,,,
ba875134-dfbf-4ba3-bce3-aede5cf1c92d,f7f4a004-394b-4056-97f7-b5a443b4c6cb,Colorado,1,The Spine Savers and Chris Cochran,,,,,,2022-03-18,,,,
67b06320-c5fd-495b-9bfd-36dc0a1eb0a7,a6538bd3-8454-42c5-be3c-201925111cf6,Colorado,1,"Flagship Facility Services, Inc.",,,,,,2022-03-11,,,,
4b1f04fe-f94e-4eb7-9bd0-1abebc8513e5,5b59d366-58a7-4928-bb73-ab752c497817,Colorado,1,Tool Pro Inc.,,,,,,2022-03-10,,,,
9dd160fc-6dea-4d3e-a120-c90df58c35e1,b87e8474-f7fc-4418-98df-0c2b05ec3cf2,Colorado,1,Atticus Franchise Group LLC,,,,,,2022-03-08,,,,
5f673f6f-82a1-4aed-9f1d-8a7418b3c42b,3bd418b8-222c-4156-8462-d4d592c4b9dd,Colorado,1,"Rocky Mountain EMS, Inc. DBA Rocky Mountain Mobile Medical",,,,,,2022-03-03,,,,
537f3323-e8fc-4540-b8cc-c5dc743fcfea,f4fef680-1586-436e-99ed-4c812b9a7a09,Colorado,1,Log Home Finishing LLC,,,,,,2022-03-02,,,,
342905a1-daa2-40e9-8607-1db81cd75722,409f7086-a8be-4110-9f71-60a9fe8cddd6,Colorado,1,"Mini Mart, Inc. dba Loaf N Jug-EG America",,,,,,2022-03-02,,,,
93c4b49f-a826-47a5-8eae-7d8f4ffd584b,fcd5d8aa-da62-474b-98e7-0fb0efc37a73,Colorado,1,"KidsCare Therapy of Colorado, LLC dba KidsCare Home Health",,,,,,2022-02-08,,,,
4c05b345-5a57-411d-ba6f-be44b50c18e1,0b5c1ed4-900d-43e5-8a1d-517934743613,Colorado,1,Cellco Partnership dba Verizon Wireless,,,,,,2022-01-31,,,,
fca3fb42-f5dc-49f9-b608-fbedba1092ee,ca005366-6f6a-4218-8882-53cd542d6f54,Colorado,1,"Rhino Rock Designs, LLC",,,,,,2022-01-28,,,,
0dbb96ba-69a5-4280-8825-8144cc3608a8,6dac1d2c-8d21-494d-b4cc-37a52ce58007,Colorado,1,Chaudary Durrani Education Group LLC dba Primrose School at Candelas and Fiza Durrani,,,,,,2022-01-26,,,,
e9386b8f-56a3-4c55-b1e4-8cecad451da8,aeb4a44f-1d3a-41f8-891a-dfaa2ed2f57a,Colorado,1,"Universal Protection Service, LP dba Allied Universal Security Services",,,,,,2022-01-18,,,,
9016ea7a-a349-4407-8098-f9dd16c897be,7f1ab3d0-d56f-42a1-af7c-f583cbdfd932,Colorado,1,UC Colorado Corporation and Earnest Blackmon and John Walsh,,,,,,2022-01-11,,,,
c054a3e0-ad1e-47d6-b31c-daccd3711060,c22347ec-5037-4c69-99ad-7be9cb31fd18,Colorado,1,"Regional Town Centre, LLC dba RTC Restoration and Renovation",,,,,,2022-01-07,,,,
fd58bfff-bfa1-444c-9a34-26db83935e5f,167a1dc3-5e0d-411d-a97f-354ef846d3f9,Colorado,1,"AET, Inc.",,,,,,2022-01-07,,,,
c788834a-dac2-4c12-9bfc-78fca60c0dfb,d875a928-7324-45fe-8802-6bae1c38ea25,Colorado,1,Total Welding Inc.,,,,,,2021-12-23,,,,
d914df05-e47b-4dc5-a88b-57fc59d0bace,dab8ca2f-6373-489d-aa6f-1eeab5d5b15d,Colorado,1,"A2A Ventures, LLC dba Madison Cleaning Services",,,,,,2021-12-22,,,,
ff62e2ee-0c94-4b50-9c5f-9d293c360a4d,594b368c-af46-47b8-a53c-5f83f4442bde,Colorado,1,Soco Roofing LLC,,,,,,2021-12-22,,,,
0c33440e-b36e-4905-97fc-e47ca7aebdd1,bb91da90-c58b-4fd6-a259-4ab204ac9159,Colorado,1,"HZ Ops Holdings, Inc. dba Popeyes Louisiana Kitchen",,,,,,2021-12-16,,,,
ee29937f-515b-43cd-9aaa-26ada288f014,2ef96b6c-7006-441e-a412-204669430039,Colorado,1,"VZ2, LLC dba Colorado Taproom and Laura Stankiewicz",,,,,,2021-12-15,,,,
f4baa84c-8362-4c60-bf78-bb1b03b4e07e,08462ef0-1349-45a7-b6c5-4812c6cd021f,Colorado,1,Home Buyers Warranty Corporation dba 2-10 Home Buyers Warranty,,,,,,2021-12-13,,,,
6eadb3b4-8d88-45ec-a67e-316ff52059c3,172ff54e-aa49-4b5c-a2d2-f2502b46c44d,Colorado,1,Elite Horticultural Services,,,,,,2021-12-08,,,,
deba4189-d9e1-4583-b030-29d60a33576f,be35a3b3-d664-4b33-a2ef-952fe82152f3,Colorado,1,Jay Transport LLC,,,,,,2021-12-07,,,,
4165378c-9952-43ea-930f-612bf98060cf,9cd8453b-909c-4652-adf6-3471badfe77a,Colorado,1,ASAP Avionics,,,,,,2021-12-02,,,,
7f5673d1-644e-4414-9dfe-9c486776d801,97793e70-20e4-4f8d-961a-f428b03611be,Colorado,1,Monigle,,,,,,2021-12-02,,,,
5bf9f788-5ea4-4ae7-8ddd-6f8a5e6dc2e1,c438f04c-368f-4d73-8eca-44637ceb6204,Colorado,1,Care in Colorado LLC DBA Comfort Keepers,,,,,,2021-12-01,,,,
0653f0c5-ddc9-499c-b3f8-af7ac9bd3d75,f99e3747-c628-4117-bfdb-0a73f329ad48,Colorado,1,Stanley Hotel,,,,,,2021-11-23,,,,
794f7871-b8e1-446f-b164-4bff93d38878,cd8bb1c6-9d97-483a-8242-0dcf40bcfd33,Colorado,1,Super Mario Construction,,,,,,2021-11-23,,,,
e5a08272-a687-45e6-aafc-176d0c15eb95,d17898a9-269f-447b-921f-bab3ee314835,Colorado,1,Boulder Dental Center,,,,,,2021-11-12,,,,
4064e76c-8313-45a3-a685-dc6978e239b5,1c1ca6ae-eb05-4d3f-ba39-f9975241e4be,Colorado,1,EVI Installations Inc,,,,,,2021-11-09,,,,
a389963e-f9ed-4489-b57e-721c23486f27,f389b551-5602-4478-a4b8-863743844209,Colorado,1,State-Wide Lock & Safe and Colette Kolar,,,,,,2021-11-08,,,,
b3b0789d-09f0-49b9-8c14-67eccac00f51,341c19f0-5cc4-4307-bfe1-0017bd00f880,Colorado,1,Lifeline Staffing Network and Jalanece Hayes,,,,,,2021-11-08,,,,
fa967551-339b-4b58-bf3b-9c4b5e11b3c4,6a6b29cc-eb2e-47b1-8a21-89c85243df9e,Colorado,1,Fitness Cycling LLC dba CycleBar,,,,,,2021-11-04,,,,
d571cc43-5eaf-4e7b-a130-1d650c987946,37284b8e-903c-46b7-a9cc-4a2f2c97106d,Colorado,1,PlayDate Inc dba Playdate Behavioral Interventions,,,,,,2021-10-28,,,,
b5d4ddad-1e36-4e55-b01b-0a1f0a9f5a03,e4e1fda0-b0d9-4639-a992-2b3d18a13a42,Colorado,1,Colorado Site Services LLC,,,,,,2021-10-27,,,,
1ff63bb3-4a68-43a7-b89f-d4a45081e23a,e28ddf6f-964c-4269-806c-2b1ebcc63640,Colorado,1,Premium Duct Cleaners LLC,,,,,,2021-10-26,,,,
e1cd9566-1fdd-422f-b832-9cebc56ffc67,0ef1f4a6-4e76-4d00-af1b-1fbb0f6ab7ef,Colorado,1,Bang Digital Media Inc. and Steve Berke,,,,,,2021-10-22,,,,
796acffc-abf5-4ed7-9f7f-afb665605755,75828ae6-28b6-4714-a32d-67eea7cdb469,Colorado,1,iina Research and Robert Hill,,,,,,2021-10-07,,,,
2fb93f18-d8e1-4079-986b-4530269c0880,aeaebcf7-9089-4a1e-a489-fb8c0eeff710,Colorado,1,"Body's By Brown, Inc.",,,,,,2021-10-06,,,,
5df3f373-d06c-450f-94e7-87799a9d315e,65f3360d-7bfe-40d5-a510-3f11e5a400ef,Colorado,1,"Body's By Brown, Inc.",,,,,,2021-10-06,,,,
de1ea9e8-a988-4a8e-8345-0a6ed28d2b97,5f5dbd46-c056-423d-b093-0b38e345ea4b,Colorado,1,"Brio Energy, LLC",,,,,,2021-09-30,,,,
7c80ef54-0450-48cc-b8ca-db3eeb6019cc,a747c894-d343-4da1-a7b6-99f59e47ace9,Colorado,1,A Healthy Smile Dental Center,,,,,,2021-09-24,,,,
a1927de6-bb07-4699-80ae-47f03023ec10,aae3f136-22f9-4257-ae1a-8c67a182d578,Colorado,1,Clooten Construction LLC and Geremy Clooten,,,,,,2021-09-23,,,,
78b68533-e399-429f-90d0-2df3bf0a4ff1,0fdaf829-feea-4810-bd0a-0cbc20f95152,Colorado,1,n.io Innovation LLC dba niolabs,,,,,,2021-09-23,,,,
74d0aa3f-0b7c-4f8c-9913-c2dba74ba932,59b0034f-dc0f-40be-aaa9-5b2c1e792a89,Colorado,1,n.io Innovation LLC dba niolabs,,,,,,2021-09-23,,,,
48f0ae67-bf1d-477f-95c3-da48431a4982,2e03ed3b-ec38-42b6-ab01-40f257202ed5,Colorado,1,Happy Dog Daycare,,,,,,2021-09-23,,,,
479fccd9-92eb-4f09-92fa-ffd99bdbd121,c3592e31-1385-45bf-a026-84d22e8d061a,Colorado,1,"CJ Contruction, LLC",,,,,,2021-09-22,,,,
94b87615-4f2a-4d45-a143-87685eb9bd4d,7917da5d-3ad0-403d-94f4-6ade2b624c69,Colorado,1,Kingdom Building Construction Inc. and Bing Sellers,,,,,,2021-09-21,,,,
462fbb0e-8a85-4d7b-a612-70cd3deaa087,faa12059-a2e4-42ae-9236-22463270d1fb,Colorado,1,Purvis Industries,,,,,,2021-09-17,,,,
9f72d819-8625-4236-b8b5-e3ccad089630,b438d893-4a7e-45e7-ae79-31d80163a754,Colorado,1,Eco Universe,,,,,,2021-09-03,,,,
38012dfb-14af-4fa7-8b3b-4fccc3580585,6dafc893-1152-4be7-8497-b60d4bcbc160,Colorado,1,Lincare Inc.,,,,,,2021-09-01,,,,
c2d9a3cc-dd67-4266-b71f-29ca003d4a92,9406f2ff-6e83-45e6-a1c0-91bc8757119f,Colorado,1,Avanti Residential and Lindsey Jones,,,,,,2021-08-18,,,,
430d1085-acda-4ed8-8fae-324e334e6477,e3555a27-a697-4358-b208-f492f915e4b0,Colorado,1,"Center at Rock Creek, LLC",,,,,,2021-08-11,,,,
e5adbf82-93e5-44de-ba4c-0b3e69df6413,8ab302f5-7b24-4a65-9cdb-2faa83ebd1fe,Colorado,1,Storey Transportation Services LLC,,,,,,2021-08-10,,,,
7fc05509-57ba-48a1-93a6-5b9dffd0f5ff,4aac9c5e-412b-4990-8dcb-93e75fd7c0aa,Colorado,1,Rocky Mountain Kids and Felice Liquori,,,,,,2021-08-06,,,,
e995acda-0a81-4d9d-9fe7-62b42d30936e,f125d67f-339e-43d1-a813-d0c496a92a98,Colorado,1,"Mountain Key RX, LLC",,,,,,2021-08-03,,,,
0c6c573f-5fb8-4e65-aa8e-1ca26b6d8e9a,dbf05e0b-9f7c-4054-871c-4ad8210ac40b,Colorado,1,JLaw LLC dba Team JLaw and Sabra Janko,,,,,,2021-07-29,,,,
6584165a-269f-414f-b411-a97ee97fad1e,aae75264-3347-4254-91ad-30c9a75f4c89,Colorado,1,Contract Trucking LLC,,,,,,2021-07-28,,,,
2086853e-a71f-4d7d-8949-382c9d24243c,84acf0c7-882b-4647-b13b-6e7d5a580cbc,Colorado,1,O'Leary & Sons Inc.,,,,,,2021-07-28,,,,
60bbe6f9-4bd8-4062-b238-7a6d54a5b402,7b124347-71a2-4ef0-b3e3-98e64d1b84e9,Colorado,1,Howell Insurance Agency and Gregory Howell,,,,,,2021-07-22,,,,
c1b5500b-7651-465c-aaaa-28dec802a456,87f03d2f-b5e8-4fbd-ac1f-8463b2435689,Colorado,1,TLK Enterprises Ltd. dba Ernieâs Mountain Bakery and CafÃ© & Tina McCullough,,,,,,2021-07-22,,,,
3c08ce8d-77af-45a2-bb78-fbf3c7468332,d30efb62-9120-4034-b36a-689b11e00034,Colorado,1,King Soopers,,,,,,2021-07-19,,,,
a8abacfa-5d96-410e-b127-8dd44860b5c4,e4856a86-ed1e-4497-ad6b-6e31ddfe64c2,Colorado,1,King Soopers,,,,,,2021-07-19,,,,
d096fc96-1033-412f-bdd7-3ae1a6ce0e23,aa59435d-0685-43a6-b5f4-28793dbd9c42,Colorado,1,Highlands Natural Resources & Zoetic International Plc & Trevor Taylor,,,,,,2021-07-14,,,,
120a9971-eccd-48a0-81b7-d952e04c708b,b406b7ad-34b8-44f6-91e1-9d48d64639ca,Colorado,1,Colfax Pet LLC dba Hobnob Pet,,,,,,2021-07-14,,,,
d241acc1-e82c-4bd6-8185-d9438a1c0a79,6aa47d65-56c2-4ec0-a73e-d2a758da8d73,Colorado,1,"DoorDash, Inc.",,,,,,2021-07-12,,,,
e4aa4587-b525-451f-b965-5ab0144a643a,e5e38c3f-0b97-4de7-8609-cad8660c704f,Colorado,1,Peak 1 Express,,,,,,2021-07-02,,,,
c4999116-58ba-42ba-9445-2b3ec225cd28,dca60da7-f6bf-481a-8198-5f59b0720a32,Colorado,1,"Universal Protection Service, LP dba Allied Universal Security Services",,,,,,2021-07-02,,,,
28ac7b71-eb65-435a-b381-40e7ada4be88,46f364fa-d7ae-47c5-ace4-d7658e003526,Colorado,1,Cardinal Health,,,,,,2021-07-01,,,,
e6c0b332-3237-47cd-95bc-e01950fe277b,787ed92d-dcb1-4570-9fc4-90f87ae263b9,Colorado,1,"Alternative Landscape & Maintenance, Inc. DBA Alternative Landscape & Maintenance, LLC",,,,,,2021-06-28,,,,
475b14f9-142d-4c11-acbe-83e8a469fa8a,4200ae80-9e2c-40be-8775-dff120906923,Colorado,1,"Drawbaugh Enterprises, Inc. d/b/a Mirage Recovery Service",,,,,,2021-06-23,,,,
ae2ddd4b-dd66-4aa8-906b-e4c1e0c4612f,40491429-c608-4f3d-8d56-4bece7e288ed,Colorado,1,Colorado Civil Construction Inc.,,,,,,2021-06-21,,,,
645f4019-0da6-4fcd-acd1-3ba1fbe3d0eb,1855ce99-a2be-4575-aab4-c93f8f8a97fb,Colorado,1,ISS Facility Services Inc. and Sierra's Cleaning Services Inc.,,,,,,2021-06-18,,,,
bf2023d7-b682-4779-ae3c-a1b150175cf7,f844eb3d-8aef-4d7c-9b42-9568dad8c067,Colorado,1,Zayo Group Holdings Inc.,,,,,,2021-06-17,,,,
b08635fb-ebbb-411a-a018-0c4c8dd5624b,747bfda7-32ce-422b-9902-417821ce236e,Colorado,1,COMPUtek Dental Systems,,,,,,2021-06-16,,,,
8dcf6316-e864-42f6-ae4f-a9b55fd0abaf,adbecba6-2830-438d-96cc-7d34cc72ff95,Colorado,1,"Ohana Organics, LLC and ADR LLC",,,,,,2021-06-14,,,,
263350fb-889c-4a2a-9c4a-6fb5c81cf574,dc4db227-688f-4527-920d-8863c4ca3095,Colorado,1,Patriot Shield Security,,,,,,2021-06-03,,,,
34dbb93f-1b62-4bfc-ae13-5a5e1638c197,8ded241f-902a-4437-910b-78d66d59f6ec,Colorado,1,"Steelog Artistic Metals, Inc.",,,,,,2021-06-03,,,,
199f7557-5ee4-4568-8319-b44bd06de23d,0072269e-e41b-4836-8c6f-0157ac634518,Colorado,1,MPRSoft Inc,,,,,,2021-06-01,,,,
25445dcc-8bf9-4df7-ad3f-479c611f5f24,2c778764-1510-424b-96d2-9baf1531a893,Colorado,1,Nativ Hotel & Lounge,,,,,,2021-05-28,,,,
d3b2b59e-c65d-484f-8748-943f3460228b,bbe4552a-9fc8-4ffe-8a66-1d14b00b39df,Colorado,1,Horizon Hospitality Inc. dba Black Bear Diner,,,,,,2021-05-28,,,,
1527f5e7-8bea-4fc0-8916-6ef782d9389b,b1172c59-6cc8-4db6-80e0-7483fbc42464,Colorado,1,Andrew Hall DMD PC d/b/a The Studio for Exceptional Dentistry,,,,,,2021-05-27,,,,
cb841782-dc89-4545-af10-58f2e3434d66,8948a7ed-b4aa-4dae-a2f6-0dfccc41bd7f,Colorado,1,"Circle K Stores, Inc.",,,,,,2021-05-27,,,,
030bcfb0-d936-4ab4-a9b3-b0ebcdf993a2,e4e7810c-524b-43f6-9f40-96501f8ce3e6,Colorado,1,Gorman Enterprises LLC dba Smart Style,,,,,,2021-05-27,,,,
d27276ea-9d84-43eb-87bf-2351a2a821ad,39f59c1f-17b7-4db8-acfd-3860a88e427b,Colorado,1,Cartech Collision Center LLC,,,,,,2021-05-26,,,,
4e1af3ff-77d0-47ef-8c59-4b85f79b7083,edd74ff2-5b05-4275-a07f-f00cf52a2415,Colorado,1,NDH LLC,,,,,,2021-05-25,,,,
d374217f-ca60-411f-bd94-168883eff236,537b749c-97e9-41a5-a136-8df448b321ed,Colorado,1,"Joshua Hill Courier Services, LLC",,,,,,2021-05-25,,,,
9db716db-85bd-46b1-a0d6-361bb53790ec,bdaded76-bd1a-4cb2-9d16-a7433bf316f7,Colorado,1,"Green Pharm, LLC D/B/A Green Pharm",,,,,,2021-05-20,,,,
87a1d334-629f-46ef-87fc-425fc4e37477,6aa48734-851b-4f33-9823-b85a4751756d,Colorado,1,Safe Investment Home Inspections LLC,,,,,,2021-05-19,,,,
77e8f38c-213c-45e0-8ff0-8d09ebba9fd2,9be2a7bd-1b0c-434b-bd3c-7291495755cc,Colorado,1,"Placing Paws, Inc.",,,,,,2021-05-19,,,,
2bf8f496-c83e-4341-b2ad-35739bb34e51,3a558921-e07f-47d4-845f-92818203aaa2,Colorado,1,J&B Painting,,,,,,2021-05-14,,,,
414fe34f-0885-45d4-b9f2-f43193eac69f,9758d718-ecf0-42a5-8f5b-ad6dca5d6f0f,Colorado,1,Cedar Ridge Ranch,,,,,,2021-05-12,,,,
46645b9a-a36f-4119-a8c8-7d26c41e7671,5a6ac9de-8fec-48c4-86eb-b359a5303f96,Colorado,1,"Pueblo TX Hotels, LLC dba Courtyard by Marriott Pueblo Downtown",,,,,,2021-05-10,,,,
12eeca91-8ac3-4c16-b7c9-31dd181382b7,434f21c5-f679-4fc6-8410-de1f1a21f479,Colorado,1,Shipping Now Corp.,,,,,,2021-05-07,,,,
019a7a46-5da7-48e4-8506-adb79cc5e8b2,ba7fa598-65b6-496e-919f-f927bcba5a28,Colorado,1,Murphy Creek Liquor Corp.,,,,,,2021-05-04,,,,
a06f3697-e3a6-4792-bb4e-b5a4f17a7758,f0d53ac7-03a2-4a15-9251-c7b4f81803a0,Colorado,1,"L.M. Armstrong/Bridgeford Construction, LLC",,,,,,2021-05-04,,,,
fdafc46a-c158-4152-9c3b-3ca02f0869d4,d6712a6a-ce76-427a-93c5-91fd4ac975f5,Colorado,1,"Hammer Adventures, Inc. D/B/A The Adventure Company",,,,,,2021-04-30,,,,
eb038fbd-91db-46b3-ac7f-8073c3dab059,a7e73530-5651-4f20-b63f-fc48651acb2a,Colorado,1,Mead Street Station LLC,,,,,,2021-04-28,,,,
5a547451-69fc-47cc-a75a-3e95f64a1e1d,27eade76-2209-4f1c-960a-7f973d3aeb3e,Colorado,1,"Maks Enterprises, Inc. and Amit Khanna",,,,,,2021-04-28,,,,
9839c1c2-abee-4660-ab72-d858147b3092,a0913d19-82c7-4864-928a-88f65e38a025,Colorado,1,A&D Trucking LLC,,,,,,2021-04-27,,,,
56dece5e-5391-47a4-812e-f6e7f5b4f51d,a836e7a1-5cff-4843-95c6-22c5b0894aae,Colorado,1,K2 Hospitality LLC dba Spring Hill Suites DTC,,,,,,2021-04-20,,,,
4d052be3-39be-434f-8541-1160f029a6be,e22d6406-a8aa-4755-b4ee-609d435e0086,Colorado,1,Mountain Chevrolet,,,,,,2021-04-19,,,,
7841c21a-c58c-464f-9680-14aca0883e13,670bf6d0-be9e-4bb8-81c3-8d6e685306b1,Colorado,1,"Parker Spirits and Wines, Inc dba Bevy's Liquor World and Adam Krier",,,,,,2021-04-06,,,,
de238390-0fd1-4b1d-bf92-98971d388125,3237f25d-9052-4981-8b63-a30b301eb20b,Colorado,1,Navajo Express Inc.,,,,,,2021-04-05,,,,
95a01770-95bb-4678-9b98-b2c92db62ea7,224c830d-2ab5-4fbf-b3fa-65733663aae3,Colorado,1,Mountain States Driverâs Education Inc.,,,,,,2021-04-05,,,,
115bf605-8928-4af0-a370-139741518045,cd23612f-b29b-4797-afc4-1263f7b181ea,Colorado,1,SJW Trucking Inc.,,,,,,2021-03-30,,,,
282b4451-3264-430b-a1bc-acaaef70ad7d,bed98db4-4125-439b-a919-5d5400d8fa28,Colorado,1,"Cooper Properties, Inc. dba Basements & Beyond",,,,,,2021-03-29,,,,
4a3ea5c8-5287-4711-95a6-a12d30516c7c,af6415c6-d1c6-4b6c-8580-030fb2dc3c1a,Colorado,1,Chilgogi Korean BBQ,,,,,,2021-03-26,,,,
45f46447-f254-4082-8bf4-d802e638d53a,d08ef02b-ce82-4ebb-ab5a-883da1fb9e69,Colorado,1,H C Trucking Inc DBA H C Elite Services,,,,,,2021-03-24,,,,
d1190f8c-9276-44f4-86a0-30128aeec974,34317fb8-c831-4fa7-9477-e099b1a63dd8,Colorado,1,"Industrial Maintenance Engineering, Inc. dba AIS Gauging",,,,,,2021-03-24,,,,
74ac9518-d486-4fa8-9081-221acb4568ee,d1a5af94-53bd-4f02-ada2-bc686bf4d875,Colorado,1,BFBorgers CPA PC,,,,,,2021-03-19,,,,
14b446bd-8079-422c-95f5-c878a4c99bf2,cfe68124-45f1-4f47-bc15-321aace2f923,Colorado,1,Parker Montessori Inc.,,,,,,2021-03-19,,,,
47f945cc-e7b9-4130-8d85-a1349d2e28d5,2426298f-a35b-4f30-9adf-77ce3835225b,Colorado,1,"Roots To Roofs, Inc.",,,,,,2021-03-17,,,,
8f221188-7b95-41e6-89ed-6a5930161c83,7d9db58c-d54e-46b7-b254-2ecb74c57e2f,Colorado,1,Thirteenth Floor Entertainment Group LLC,,,,,,2021-03-16,,,,
59239d36-e604-4ef3-bc9e-5b5e88017c44,0817182b-a06a-4934-872d-cf0c6d6e34b0,Colorado,1,R&R Enterprises Inc. d/b/a R&R Coffee Cafe,,,,,,2021-03-15,,,,
c4ce328f-84a7-4ca1-8064-c4c3df92a66d,b02a8eba-ec29-4151-9ec1-fe142f95cd31,Colorado,1,Martell Inc.,,,,,,2021-03-12,,,,
4e6fd477-3b58-4247-8dac-036d1c7f4725,6fc01c07-1431-4373-8efc-a754a56e8f19,Colorado,1,Martell Inc.,,,,,,2021-03-12,,,,
54ef4043-7758-4c1a-bf69-18b0988d9b87,ef7ac715-3938-486e-8042-cfd203e5c92f,Colorado,1,American Automation Inc. DBA American Automation Security,,,,,,2021-03-11,,,,
a0ab9ed9-fb40-4a29-b562-a7a6b28cf2d7,fd603b2e-a691-438d-b1e4-2c1bd24e1476,Colorado,1,Benchmark Medical Group,,,,,,2021-03-10,,,,
18406936-2e09-4aa0-a309-4587a9d146f4,fed79de3-1c22-4fd7-ad12-894ed73fede5,Colorado,1,"Baked Brothers, LLC dba The Breakfast Shack",,,,,,2021-03-09,,,,
a062883a-e1b6-485f-b4b1-a67545efd5ca,398d0610-babd-454a-98a0-22f67f7a3765,Colorado,1,"CCK Enterprise, LLC",,,,,,2021-03-01,,,,
8db6c9f2-483a-4a5c-9553-548e126df251,bac424f2-2f54-4936-9b51-f935f53359a9,Colorado,1,"CCK Enterprise, LLC",,,,,,2021-03-01,,,,
c19e6731-191c-40d5-bbe6-e3768764dffe,9a41cb59-f6f9-4f38-911c-aaebc4427ad2,Colorado,1,The Wild Animal Sanctuary,,,,,,2021-02-27,,,,
62b45ede-a036-49ce-b576-af1b4dcfe96e,a693d9ad-f4a0-4e23-b065-b93b79597f15,Colorado,1,Trinity Resources d/b/a Subway,,,,,,2021-02-26,,,,
0628bc6d-ce34-4c1c-b03d-f9e7e030f10a,b8e6f0aa-a324-44d6-a6e5-19bb32670dd4,Colorado,1,Tristen Trego dba Angels and Outlaws Bail Bonds,,,,,,2021-02-24,,,,
d88cc59c-f7fc-4673-8776-c73fc737623d,4db469e1-25c5-4280-bb52-c08db4b0fc55,Colorado,1,"AASP, Inc of Colorado dba AAction Movers of Colorado",,,,,,2021-02-24,,,,
f8f3e0ca-8fd7-46ac-9939-32fe45a9013d,7aa249aa-d0da-40db-abd2-4dc0c75520bd,Colorado,1,ANS Concepts dba Riccoâs,,,,,,2021-02-22,,,,
4a29b7aa-47b7-4364-9e20-538924b02a81,f0810ea7-d15d-47e2-b711-7f3249687edb,Colorado,1,King Soopers,,,,,,2021-02-18,,,,
2ac41cdb-fdda-40b5-9fe2-4e36b4a3b366,4f90232f-1d84-4ef5-a3be-da62e7828cc6,Colorado,1,Sushi O Sushi,,,,,,2021-02-16,,,,
891853b8-6535-4d9f-a8a0-ccde10a6cddc,33b87e7a-8ba4-43be-be14-a30d1390e5c1,Colorado,1,Sushi O Sushi,,,,,,2021-02-16,,,,
90049045-6373-4bc6-9141-8d289f851671,05ea05c1-1bb2-4b09-a285-342471fed7ab,Colorado,1,Sushi O Sushi,,,,,,2021-02-16,,,,
e81cc174-226d-41ff-b1d9-b77e66c1269a,d87737f9-c05c-4fe5-83d5-e8a7853f6278,Colorado,1,Sushi O Sushi,,,,,,2021-02-16,,,,
ee379296-7aed-4a2c-9e89-afb21cf9444d,5e85dc0e-0c5f-4c92-9745-cfff8a71c172,Colorado,1,"WeatherSure Systems, Inc.",,,,,,2021-02-05,,,,
5c45ff8b-2161-4e0d-811c-15422abdfda9,8bc3a565-d673-4959-9c83-59dbad4133f2,Colorado,1,Bittersweet,,,,,,2021-02-02,,,,
32491f33-7eed-4941-acce-2cdef69ba56f,b46bc8f5-3969-4505-9eb5-5590dfb189b0,Colorado,1,Silver Star Construction Services LLC,,,,,,2021-01-28,,,,
f8f543ac-ae62-4684-9ad2-ff55ff875aa8,98b8721c-6a59-4be3-9f52-6e51317a4b98,Colorado,1,Reliant Mechanical Services LLC DBA Reliant Heating & Air Conditioning Services,,,,,,2021-01-27,,,,
6c81198c-9327-4c12-b79b-0654fb153b32,ac1a8f5e-659e-43c7-8553-830abe608ca9,Colorado,1,Front Range Behavioral Associates,,,,,,2021-01-27,,,,
cd522348-6e91-4f4a-a8c9-538f9fd81b0c,480dc212-6bf4-475f-9ed2-c6c3f1d151a8,Colorado,1,"5280 Home Health Care LLC dba Better Healthcare, formerly dba 24/7 AvaRe Healthcare Colorado Springs",,,,,,2021-01-24,,,,
d61391fe-953c-4a4b-9ffa-0c37dfea4b72,908f23af-aaee-4b8d-942e-7dff9284ea03,Colorado,1,"Lowe's Home Centers, LLC DBA Lowe's Companies, Inc.",,,,,,2021-01-19,,,,
9bd1137f-52ca-4754-9200-e6c881c08f6c,f214603e-f589-4b8f-8f3e-53ca5205400d,Colorado,1,"MedAware Systems, Inc.",,,,,,2021-01-15,,,,
f5fc29aa-c3b4-4e6e-88b0-1d32ebe0d39c,97885279-8fd2-4c42-bbd3-5c95a5b2a182,Colorado,1,"Vista Medical Billing, LLC",,,,,,2021-01-15,,,,
851ae22a-1664-4352-a4ab-b6527e732583,0f8d98b3-37c2-4090-984f-51b7fe81f5f0,Colorado,1,George Agency LLC dba Phil George Farmers Insurance Agency,,,,,,2021-01-15,,,,
c8ba9d39-d420-4b69-9187-04bc674cd922,dbc00236-3e6d-4644-9e8e-2b82a07c97c1,Colorado,1,Elite Luxury Home Cleaning Inc.,,,,,,2021-01-08,,,,
f90b7953-b398-4eb3-b6c5-56ca8f3e4c10,1a41e15e-f3f8-49c3-a43e-2964ba7e396a,Colorado,1,House of Flags,,,,,,2021-01-08,,,,
8667bcba-edb9-4bdb-9491-9c6ba2a92a73,16db0c68-8a78-4a05-b0aa-add91322566d,Colorado,1,The Other Side LLC d/b/a The Other Side Ranch,,,,,,2020-12-29,,,,
d13b9bfa-3a8e-4d54-a85d-8493ce7c3fc5,a9b5d642-2dc7-4ff8-b698-612bf8cc9857,Colorado,1,"Century Communities, Inc.",,,,,,2020-12-22,,,,
c8063526-f14b-412a-a885-4985c2e9a544,b9bcfc2d-7c35-4293-9e6b-be201be2a840,Colorado,1,Command Cuts LLC,,,,,,2020-12-17,,,,
01726372-58ad-4d9d-af28-acf7c878c2e5,84fe88d4-130f-43ab-b838-298a8903be2c,Colorado,1,AC Antorch Metal Inc,,,,,,2020-12-17,,,,
5f925621-3cbe-4808-9342-6eef2973cdad,b392eadc-dd70-4257-b55b-24406899538c,Colorado,1,"Colorado Activity Centers, Inc.",,,,,,2020-12-16,,,,
59798ad6-16f2-4234-b37e-e9df04cb1449,1a219661-459c-45c9-87a1-f40e75c92779,Colorado,1,Joshua T Applegate Insurance Agency LLC,,,,,,2020-12-11,,,,
ae8d7cfe-5a43-4add-b231-cf272bd20410,9f716011-1118-42a4-959b-ca24f228d90e,Colorado,1,EMD Corporation,,,,,,2020-11-24,,,,
cc694600-4808-44b4-8fc6-457da30fc9f8,7fdb403a-55af-43c6-93c9-965ffdcf8501,Colorado,1,"Cronen Plumbing and Heating, Inc.",,,,,,2020-11-24,,,,
3ff9c225-d568-4181-92b8-fc04fa5e8876,66b87684-85a0-4348-8e44-df3e8e8de96e,Colorado,1,Lico Trucking LLC,,,,,,2020-11-23,,,,
e8c4d7b1-2383-45d7-b300-e29a2402fcca,07bdc178-7c17-47dc-b6a0-707da7b18b92,Colorado,1,Nativ Hotel & Lounge,,,,,,2020-11-19,,,,
f9c74fa1-fc60-4f8b-9a01-b3d2a744e1f5,74d6b410-977c-458c-8a55-e328830bbfe6,Colorado,1,"Justice Trucking, Inc.",,,,,,2020-11-18,,,,
3fb1e977-9cde-438f-afb5-73149f838f12,ea687aff-1eef-4491-9cd8-a091b2920c55,Colorado,1,Victoria's Secret,,,,,,2020-11-17,,,,
912aaa44-8f9e-488f-b380-f0b184d9cde9,b1196f99-7ecf-40fa-a8f9-a1f635cf2b41,Colorado,1,Virginia's Kitchen LLC d/b/a BlueKudu,,,,,,2020-11-13,,,,
2fc4c268-c06d-41ae-84ec-8e97f5db5331,4c7abe95-52c3-477e-801d-5dc94aab92b9,Colorado,1,RV Doctor LLC,,,,,,2020-11-10,,,,
167ed0e8-ade2-496a-8515-4b43d0afa0be,e6ef7fca-adb3-4d21-b51c-2e6a8596c261,Colorado,1,Kirkland Construction RLLP,,,,,,2020-10-28,,,,
8d3910fd-949f-407a-8698-dc9313dde654,52d8a1ad-4635-45c0-b66a-66f01b036f45,Colorado,1,"Rocky Mountain Hotel Properties I, LLC dba The Estes Park Rest and Waterfront Grille",,,,,,2020-10-27,,,,
1efcf615-d82a-477c-9418-0af97ced6407,70978a1a-fe31-4fd7-b8ab-59e200dbd67e,Colorado,1,"Ciabbiata 32, LLC dba Tony Pâs Pizza",,,,,,2020-10-23,,,,
0ab0de5d-f31e-4e42-837d-e1ff5b8fdaf3,662cde7c-651e-46db-9962-c0de16f57e61,Colorado,1,"Alpen Construction, LLC dba Alpen Fence & Barrier",,,,,,2020-10-14,,,,
4e457624-9c42-40db-8e5e-05fd9feca504,53305fec-3815-4abc-a614-46c848287ec1,Colorado,1,"JW Colorado, LLC dba TweedLeaf",,,,,,2020-10-06,,,,
cddcef6e-a21d-404e-a8dd-c46d93591d67,43d53be5-bb5d-4461-a9de-9b95093731d1,Colorado,1,La Despensa Latina Inc.,,,,,,2020-10-06,,,,
483f09b1-fe41-42ac-8b56-311eee755299,0f197fe9-dd7c-4e8c-b972-c85d658456c7,Colorado,1,Epic Construction & Environmental Inc.,,,,,,2020-10-06,,,,
f540a8de-8f71-4ca6-98e6-03ec5b12db35,29be5596-1fc4-4fa4-afcd-48116dd2313a,Colorado,1,"Loomis Armored US, LLC",,,,,,2020-09-29,,,,
f42e4c35-0e97-464f-8e7f-3c65609b0e27,c7445271-087d-4730-bad0-a99264e38d1c,Colorado,1,Straight Line Installation Inc,,,,,,2020-09-25,,,,
73f5c128-f802-4260-9437-62cee4368f07,8d18b0b6-d41b-47c4-9ad0-04e84ccc0dda,Colorado,1,"Introspective Power, Inc. d/b/a Introspective Networks",,,,,,2020-09-23,,,,
ff424a77-749a-477a-9228-5a244829aada,ddf9251f-03ee-4fa0-bd69-bf5963f06f53,Colorado,1,"Synscapes of Colorado, LLC DBA Synlawn",,,,,,2020-09-11,,,,
6879e5fc-7215-4d26-bbfd-36abdf8210f9,db47e405-f37d-45d2-94cd-a6a71ab23f02,Colorado,1,The Mug dba The Frosted Mug,,,,,,2020-09-09,,,,
0e10e6af-4916-4d75-9a60-31bd77ce62dc,abd5e100-6d2b-41ba-b6ba-f6405022164c,Colorado,1,"Alliance Financial Network, Inc. d/b/a expo",,,,,,2020-08-31,,,,
c88392ac-f974-4f29-968a-aaf2754c3827,fa3dcce9-4854-4b05-a37f-fd9b89a08f98,Colorado,1,"MITSIX, Inc.",,,,,,2020-08-28,,,,
2714b1a0-f94a-4493-b05d-c752c6eaf533,0bc10ae0-e711-4a85-81a7-c8c0831a493f,Colorado,1,"Alliance Financial Network, Inc. d/b/a expo",,,,,,2020-08-25,,,,
86a600f3-2bdc-4e75-9172-4823d7f09e7a,f7951c7d-39a5-47df-a926-1b59743be11f,Colorado,1,"Nicsco, LLC dba Sundance Steakhouse & Saloon",,,,,,2020-08-20,,,,
6cb9a2c5-b80d-4598-b41d-963b252482eb,ed040588-3843-4192-8227-dca7ab7e2059,Colorado,1,"Advanced Professional Enterprises, LLC d/b/a Advanced Professional Security",,,,,,2020-08-14,,,,
42ca8512-37ba-46b2-97b4-40c721d434b3,dafe88c4-39b9-4561-af4d-f89d5eb8f87b,Colorado,1,"Avalon Communication Services, LLC",,,,,,2020-08-04,,,,
80637726-1afa-4182-98af-d9fbb59c624b,6ed935b5-32b7-4924-994c-e190d2e374e2,Colorado,1,Eagle Transmission and Auto Repair,,,,,,2020-07-31,,,,
b8412c4d-e2d8-4f70-b876-1eb587304425,714dce21-a0e4-4a55-a203-3f043cb02a12,Colorado,1,T3 Roofing,,,,,,2020-07-31,,,,
23d9f796-dd3f-4b3d-a031-8311785859d2,3bb921f7-79d4-4b9d-ae91-feb1a3f120f5,Colorado,1,Wellness Walk-In Tubs LLC dba Wellness Construction Group,,,,,,2020-07-29,,,,
254f83f1-16e5-4c02-9abe-c2b781c3db04,47b736f6-fb11-4240-94e7-b417158d6c34,Colorado,1,"Skintastique, Inc. d/b/a Ageless 360",,,,,,2020-07-23,,,,
c1543b26-a07e-4514-a0ec-d62b43913221,3c434847-9b79-498b-a760-e6a64143724e,Colorado,1,"Skintastique, Inc. d/b/a Ageless 360",,,,,,2020-07-23,,,,
cb160c61-43fb-41fc-b377-09a871bb4415,ea1ce428-ecdf-4607-b921-17f8df8a7577,Colorado,1,K3 Industries Inc.,,,,,,2020-07-23,,,,
7ae211af-2760-47aa-82ba-78ce48a2f3fb,4da9a2f6-2b48-4dc0-933d-4a2dd698ca3a,Colorado,1,VOA Care Facilities dba Laurel Manor Care Center,,,,,,2020-07-10,,,,
3e28d125-3355-451a-b019-beea2da102c6,3f2e90a4-4494-4fb6-bef0-101da0c81006,Colorado,1,Rammar LLC dba Napa Nectars,,,,,,2020-07-10,,,,
19840489-8c49-438e-9f5d-9650d8836699,32516e44-32f8-4985-b7a9-ad5710225f5c,Colorado,1,"Colorado Roofing and Restoration, LLC",,,,,,2020-06-23,,,,
4cdb73f9-707c-45ee-accd-4df910fc2f9a,ebf16b54-aae7-4a33-a0ad-d0cbfc92af4c,Colorado,1,"APT Service, Inc.",,,,,,2020-06-22,,,,
23f9fa59-0588-41d6-ac5f-5b19d4d7adcd,50cd67e5-ac40-406f-9a25-6ea7eedf3bc6,Colorado,1,Lion Stone Works LLC,,,,,,2020-06-17,,,,
b2205c11-d50e-4e7f-8537-9bb61699cd9f,35b88adf-5680-424c-bf57-13690ac7b295,Colorado,1,"CMC Transportation, Inc.",,,,,,2020-06-15,,,,
b513519f-d8cc-4ddd-a80c-d214494c98c8,d0b8edbb-951b-4a8d-aa7a-8b4adc249a70,Colorado,1,BSC Towing & Recovery LLC,,,,,,2020-06-10,,,,
6ebc5f20-f67d-47e7-8e8e-eb91ca58b11d,9b42410c-3c27-4d09-a7e9-1a638bcabcf2,Colorado,1,A Line Boutique LLC,,,,,,2020-05-29,,,,
579c8eb3-bfbe-446d-99ee-154ec9427754,b3d59e6f-efb9-4321-ab62-39627cdfe87e,Colorado,1,Mo' Smiles LLC dba Thriveworks Counseling,,,,,,2020-05-28,,,,
c15c33ad-5c8c-49ea-8c7f-a29a42dfe029,fbb515cf-40e4-4e73-8030-04c9174a2da9,Colorado,1,Hope at Parkhill Academy,,,,,,2020-05-26,,,,
6c1d5d2b-cb81-4730-aa1a-17566b83d9cc,998395d6-ff45-4479-be32-ea7c2fc14f96,Colorado,1,Elevation Imaging,,,,,,2020-05-19,,,,
b054cade-5aba-4675-8b92-99b0fe0e6078,d766ceca-7fcc-4912-a2b8-bb3669fe9c80,Colorado,1,"MSC Safety Solutions, LLC",,,,,,2020-05-14,,,,
16b4a883-8a6c-4ba1-a9b8-f8c56439e466,140952c5-2461-49f8-b2b0-3fcfd0587763,Colorado,1,"MSC Safety Solutions, LLC",,,,,,2020-05-14,,,,
24d30598-f9ee-485e-a812-30f61feca8c3,78f7051e-7a1c-490a-a8a1-b9fe47c4c190,Colorado,1,"MSC Safety Solutions, LLC",,,,,,2020-05-14,,,,
2e73c554-fc6b-4b45-83dc-87c25ced61b7,63c02ece-9e59-42d2-97ed-4b5a0121bad3,Colorado,1,"Shin & Koo, Inc. dba White Tree Sushi and Asian Cuisine",,,,,,2020-05-13,,,,
16bc2801-12cf-4360-b112-e416e2b13fdb,ea8debd1-6e13-480c-9238-e0222abed4a2,Colorado,1,Rocky Mountain Service Systems,,,,,,2020-05-13,,,,
36889c93-e3bd-469c-9d37-9233950dea38,c1bc7291-7c1e-408c-bb80-d76fc992e0ee,Colorado,1,"JW Colorado, LLC dba Tweedleaf",,,,,,2020-05-12,,,,
351d2220-d1e8-4cf0-ba49-1178d18513e1,f717cad2-a4b6-4ea5-8dad-c9cb096268cf,Colorado,1,"BMH Corp., LLC",,,,,,2020-05-11,,,,
e5b56a7a-47d5-469d-9021-99ea2ea2511c,da6704e4-2b5a-4416-a37f-80aa900074dd,Colorado,1,Bibi Atallah DBA Atallah Deposit,,,,,,2020-04-30,,,,
706f82e1-6b88-4945-9ff1-dda0053fd73b,b333356c-e5e8-4cad-9e5b-76d8a202c1f4,Colorado,1,Berkeley Constructors LLC,,,,,,2020-04-27,,,,
fe94de76-3c03-4d8f-a6e7-f050dc211f9f,0d984872-2b2b-4b77-907c-c4904dd5f028,Colorado,1,"Delta Hotel Group, LLC dba Quality Inn",,,,,,2020-04-23,,,,
e948be28-0340-4e71-904d-0721de375d9f,67c15fea-d7be-4221-a007-15a5fedb4cb6,Colorado,1,US Floors Direct Inc.,,,,,,2020-04-22,,,,
460c4371-2d2e-43e8-a810-db55506d62ac,e6252dc5-9128-42ec-9be5-5ed205970f80,Colorado,1,"Rocky Mountain Electrical Services, LLC",,,,,,2020-04-17,,,,
882f03a4-970e-4af6-ae5b-fa72446704e2,06845042-073a-4bbe-a3aa-281345919ec8,Colorado,1,Colorado Mountain RV,,,,,,2020-04-09,,,,
ca076b18-bd01-41db-899a-c595eeb848c6,aaace3a2-2586-4ef5-8840-1c4e9f77fc49,Colorado,1,Javernick Holdings Corp dba Atlas Roofing Company,,,,,,2020-04-09,,,,
11904b1c-6227-4526-92aa-3fd054c555a1,a3e00b45-f989-49a9-859c-7b1851dd98b2,Colorado,1,"Grandview Heating & Cooling, Inc.",,,,,,2020-04-08,,,,
92b3acd0-32d6-48d6-b2b0-5bd0894218bd,0f7b9cbe-bf8d-4857-b21d-0d883be0447f,Colorado,1,47 Sushi and Spirits,,,,,,2020-04-02,,,,
ca2f2f05-bfe6-4ba5-8b75-169e48f006d9,4e65f4e3-e4f4-430b-853c-cb89cf32bcb9,Colorado,1,"SecurAmerica, LLC",,,,,,2020-03-31,,,,
190ac951-f714-46e3-90e7-f7e7c73675d4,69277172-6529-4fe1-843f-2f841caa29c6,Colorado,1,Pacific Consolidated of NV Inc,,,,,,2020-03-30,,,,
9e0333b8-9dc1-40a2-b180-a89d25bd3294,8747c9d6-ab51-4584-96ee-8a8b6371b2be,Colorado,1,Pacific Consolidated of NV Inc,,,,,,2020-03-30,,,,
8cc67029-fee4-4dd5-ac40-7e27d8bf2d34,a344a29c-726b-40de-8ac2-755200ed149e,Colorado,1,Secure64 Software Corporation,,,,,,2020-03-23,,,,
880b9df7-d22b-4891-be66-fec6968c021b,4a2ddf01-41f7-45d0-8b9a-3ee04b727fd3,Colorado,1,"KadyLuxe, LLC",,,,,,2020-03-13,,,,
e63c85b1-ff01-4dbe-896b-8fc3b292f9b2,2b38a566-5ec6-42df-9c29-74a39b5b19fc,Colorado,1,"TMAC Investments, Inc. dba SportClips c/o StaffScapes, Inc.",,,,,,2020-03-13,,,,
f4118a08-355c-4fba-a421-86a06af8c0be,01745cb9-216f-402f-a288-88bbd5001c43,Colorado,1,"Event Security Colorado, LLC",,,,,,2020-03-06,,,,
ff008cfc-799b-4b1c-8c00-87dc2397e3b3,9719201f-6335-44b2-a116-942dd2e1eb77,Colorado,1,Crater Investments,,,,,,2020-02-28,,,,
95e44b7b-4cd9-4e2f-8731-30c5cbca2787,5fea7b6a-3f2d-4708-9b96-3301db07db3a,Colorado,1,Mini Miners Pediatric Dentistry,,,,,,2020-02-24,,,,
a2f51069-d09d-44e5-b650-d297d80792ae,1fca0edc-1259-43bd-a33f-02cf6b27c741,Colorado,1,The Broadmoor Hotel Inc.,,,,,,2020-02-19,,,,
5ef5df64-85a8-4e15-a8c4-867d0db3aa1b,8a00116e-f882-4c29-afb8-bccab8c389f6,Colorado,1,"Cognizant TriZetto Software Group, Inc.",,,,,,2020-02-18,,,,
56fdc83e-16ad-4d53-a5e3-ae430d11ec71,3db72199-4156-4eab-b3d9-567ca3b21969,Colorado,1,The Bridges Golf Club dba Remington of Montrose,,,,,,2020-02-13,,,,
d24cc5bc-ee00-40aa-be0f-1bbd455f084c,998e03c8-ce48-495c-85a1-fc88c5ea7e56,Colorado,1,"Taylor Marie's Mobile, LLC",,,,,,2020-02-10,,,,
ae8dea88-8c73-49a9-bdcf-1a14443b3a52,a3fdaba9-ba7b-42c9-9ff5-e3bd86c60d13,Colorado,1,Rocky Mountain Enterprises LLC,,,,,,2020-01-27,,,,
d2de9c3f-d1a7-44df-bb64-05cac9f4c653,b51df1d9-2ab2-410c-abf3-0809a39acc22,Colorado,1,Total Renal Care Inc. dba Davita,,,,,,2020-01-16,,,,
d2a34043-6cbc-42a7-a17d-d1aad6b1120f,90a07c1a-8f31-4f3d-8d33-732bfb8bfd49,Colorado,1,CPA Solutions LLC,,,,,,2020-01-09,,,,
43940922-ceba-4d2e-a04b-a35f4c08a534,6af0dcbe-4f86-432c-abd3-0e46d3f82595,Colorado,1,PalAmerican Security,,,,,,2019-12-20,,,,
9f5f1e01-3ca6-40ce-bc9c-2a6400f464f6,972a730a-7da1-4355-8cc8-acd63cbf9cfd,Colorado,1,Elite Horticultural Services LLC,,,,,,2019-12-18,,,,
5356f0e5-6c7b-4e1e-bd3d-d3124c390b6b,58e9574e-8266-47e5-945f-0cfda77068b5,Colorado,1,"Compass Management, LLC",,,,,,2019-12-17,,,,
cd5adcde-e214-4bb3-97be-7a20b8c41970,214fecab-ac73-449c-bc74-397fe18fdad5,Colorado,1,"The Bogar Pilkington Group, LLC",,,,,,2019-12-17,,,,
99bc9760-6a8f-44f7-b293-987864d02b4e,b966af96-a6ec-48b4-b3af-3103e363548a,Colorado,1,Green City Waste Services LLC,,,,,,2019-12-16,,,,
0278289e-f582-4255-83a4-727eaadfaf26,8f6b7ce9-17d8-450e-ab43-27f390af7daa,Colorado,1,Father Woody's Haven of Hope,,,,,,2019-12-10,,,,
5637c8ad-380d-4bbb-a9c7-7453c904397e,a6db89af-9166-4dff-a450-12f9388e8bfd,Colorado,1,The Deck Builder of Colorado LLC,,,,,,2019-12-05,,,,
109e8085-d207-4e48-b59c-b8fc4b353aae,b31f2242-fa4e-46e7-8f8e-e3f6055b9830,Colorado,1,"Village Wine & Spirits, Inc.",,,,,,2019-11-25,,,,
11a6bd2b-b5e0-4a8c-a1c2-6bff3c0b631f,6403cc1e-1299-44ea-95c2-89a6412d677f,Colorado,1,"Wellness Staffing, LLC dba Lead Wellness Staffing",,,,,,2019-11-25,,,,
bbd7ad02-edf5-432d-9f4d-89c2008d5046,22be8c22-de7b-4e93-aebe-7ca921531b30,Colorado,1,"Alpine Seamless Gutters, LLC",,,,,,2019-11-15,,,,
72f5a0cf-539d-4da9-8589-31021cb65bf4,69416427-3f80-4892-9da7-71a9fd13da2e,Colorado,1,Discount Dental Services d/b/a DDS,,,,,,2019-11-15,,,,
a0ec7a70-40a0-4b98-99d8-fdc04ec4fc14,01afb700-baca-4b6a-8d7d-870f042b92ae,Colorado,1,O'Reilly Auto Enterprises LLC d/b/a O'Reilly Auto Parts,,,,,,2019-11-15,,,,
aa425c45-7960-4cf5-85be-5a746a9cab46,693d427d-7dba-4200-a91c-7f4c4f126735,Colorado,1,Imperial Autos Inc,,,,,,2019-10-31,,,,
c5c953ec-4709-4d5d-9795-db55a4cb4cb9,63ea047a-fab1-4ed9-b044-7b3e5ea647d1,Colorado,1,"VMVW, LLC dba Violet's Venue",,,,,,2019-10-28,,,,
da581eb4-0a2e-40d3-a605-c90599007900,a5ba323a-921f-4c64-ad07-dcbac9efd696,Colorado,1,"TSPOne, LLC",,,,,,2019-10-28,,,,
7ee7d141-b83e-4d1c-9f11-befcbe98d5a5,252f1d98-41fb-49b0-8422-d35c88532242,Colorado,1,Martin Business Venture Group d/b/a Bella Calla,,,,,,2019-10-22,,,,
95a31a8b-5bb2-421a-8c63-609287d6119f,f45044b9-a0ab-4d6f-9708-a63835dbe885,Colorado,1,"Enavate, Inc.",,,,,,2019-10-04,,,,
5493b02c-b4f9-4047-a979-113b9e793f01,9c79d103-295c-4060-ae8d-5eaf45b21105,Colorado,1,"Mountain Top Ventures, Inc. d/b/a SHC Nursery & Landscape Co.",,,,,,2019-10-01,,,,
797a2dc3-77c4-421f-adba-998d81233f2d,a4a98bea-6867-4638-917b-ae1ebbe978ba,Colorado,1,"Skin Cleaners, LLC DBA Lash Blvd",,,,,,2019-09-04,,,,
cd43bc21-7988-4672-9615-cc3d9d0b13a2,db6675bf-7eaa-4b7b-b7da-4a2d885b9aa9,Colorado,1,"Avery Asphalt, Inc.",,,,,,2019-10-15,,,,
0e80fa05-8ebc-4a18-aca6-ba3f594ae054,08651e3b-ed48-45be-bddb-f0cd5d418747,Colorado,1,"CArc Enterprises Inc., d/b/a Value Care Health Clinic",,,,,,2019-09-23,,,,
19d18a99-b1b9-4837-8a0b-75cace99adee,cbfb18e7-7dbe-407e-a556-bda87cfe1014,Colorado,1,"Elevate Flooring Design, LLC",,,,,,2019-09-10,,,,
8dd1cc7f-a74a-4f7a-b5e3-f28d8e966e1f,93d45060-bc0e-4fae-a860-c63e67110629,Colorado,1,Walker Sign Holdings d/b/a Advantage Sign Company,,,,,,2019-08-30,,,,
9afbbf5f-229b-422b-b5cc-a29fcf04666b,35ed7291-0127-48a5-99e3-f5488ba03a8d,Colorado,1,Subway 2701 Inc.,,,,,,2019-08-30,,,,
911b1b97-38ba-4568-b0aa-2fa8dfa662a5,3ef9e4db-5a0f-441d-96d2-f0273988dc2e,Colorado,1,"Ace Towing Enterprise, Inc.",,,,,,2019-08-20,,,,
cd31fe12-c4bd-4f01-9041-6a55b3021ada,91e425e2-a943-45a9-a2d9-f2db3c815c4e,Colorado,1,"Bestway Plumbing, Inc. dba Bestway Mechanical, Inc.",,,,,,2019-08-16,,,,
fd1bb082-0df1-4a36-9645-4e28aa6a5fca,2d8252d7-013d-40bb-8b6f-b8e704b64b10,Colorado,1,,,,,,,,,,,
e1d2d58e-6792-4bbe-b865-81d0c2bb73f1,7de65e6e-7214-4729-861c-54abe1690dcf,Colorado,1,United States Beef Corporation d/b/a/ Arby's,,,,,,2019-07-31,,,,
3976afe5-c2fc-4e73-bf6d-0e10e551f656,bb27afe4-fd9f-43b0-b1be-05e40657d375,Colorado,1,Happy Tails Veterinary Inc. / AAP Veterinary Inc.,,,,,,2019-07-31,,,,
39c85ea0-773d-4a04-9ecb-6860e1a9c902,e9148c18-876d-48c9-bae8-0a5bf2943061,Colorado,1,"Telnet, Inc.",,,,,,2019-07-29,,,,
4f9726c8-fde3-48d1-900f-28d753311eef,f9c85a09-2696-4e72-b730-b0428661d4f1,Colorado,1,Delivered ON LLC,,,,,,2019-07-17,,,,
7caf2ab5-163b-476f-a1e9-2406741ab4cd,826a0607-0939-49be-999a-19760e701c71,Colorado,1,"Skybeam, LLC d/b/a Rise Broadband",,,,,,2019-07-17,,,,
223c67f3-5f2f-46ea-99bc-34734bebe620,a30f862e-9f17-4d4e-b3f4-912f8eecb667,Colorado,1,"Subway 7014, LLC",,,,,,2019-07-16,,,,
94ce6660-1280-4e3a-acc5-2c5373bf0964,93949496-cb74-4bef-9667-b6076facb7da,Colorado,1,"Mile High Real Estate, LLC",,,,,,2019-07-12,,,,
1492088e-e537-40c3-a426-1ee1f4f6781e,2fd014d9-7b4a-47c5-9e6f-e15a06d6eb2f,Colorado,1,DH IHGC Management LLC DBA Hilton Denver Inverness,,,,,,2019-07-12,,,,
7f087a7b-a3f0-472e-8d5d-55740304f2b2,ed54dfc2-7851-403d-90cf-a5139a5b5222,Colorado,1,Any Weather LLC,,,,,,2019-07-05,,,,
33f2034b-e3bc-456a-8d60-233482e52f25,d9823433-029c-4569-817a-0b758e2a272c,Colorado,1,Evergreen Custom Media,,,,,,2019-06-26,,,,
d8b3754b-1833-4682-b3aa-b2563fbab452,5987dcbc-cce3-43bc-9058-a94605291bbe,Colorado,1,Denver Protective Services,,,,,,2019-06-17,,,,
9e265f7c-fe16-4471-82f1-ec13c58c720f,666b60a8-3609-4e17-b1de-ab6b76cd90d4,Colorado,1,"Glow Industries, Inc.",,,,,,2019-06-17,,,,
74e43626-3e8e-47d5-bc17-bf39936efc02,3171eb17-0e7d-4de1-b793-d6e6d7521036,Colorado,1,"Vinci Law Office, LLC",,,,,,2019-06-13,,,,
70126ef4-5382-46fe-af4e-2e0241e988dc,6ed7c31a-c45a-4f95-ab3f-d3bbc1510bf8,Colorado,1,A Childs Touch,,,,,,2019-06-05,,,,
214b6a21-1ea8-41b6-8dc6-db40c641eb59,78307402-f409-4c90-b6ca-8de018141d76,Colorado,1,"Premier Services, Inc",,,,,,2019-05-24,,,,
15ea269d-14e2-4f9a-ba9a-c344a9d45550,64a5c485-4f6e-4639-a334-cfa7efc4022f,Colorado,1,The Hearing Clinic,,,,,,2019-05-22,,,,
62875c9e-d192-4d8f-927c-287ff6779186,626786fc-4776-422d-a651-67057ca5cd79,Colorado,1,Bar Helix,,,,,,2019-05-13,,,,
ec023ff0-8389-4c04-9b43-c56c4aa86d25,6e38c988-bdb9-4dcb-8998-6af5c3a32638,Colorado,1,Fountain Valley Electrical LLC,,,,,,2019-05-06,,,,
a15ce8c4-c9c8-4f8d-b58c-f9a56c835f44,57c7cf98-9762-40bf-bbd5-e05711332f92,Colorado,1,Tonys Taps LLC dba Pagosa Brewing Company,,,,,,2019-05-03,,,,
0673e138-fbb1-43db-a318-4fec454485eb,bc7ee31a-c106-47a4-8242-4b40ff83cb18,Colorado,1,"Action Appliance, Inc.",,,,,,2019-04-26,,,,
926bca9f-105c-497d-85d9-ee3427bcc70c,c45f1f18-085e-441b-98ae-514d17d3245a,Colorado,1,Penn Schoen Berland,,,,,,2019-04-23,,,,
8d56ec2a-115e-42f5-a62b-6cc53828be11,c534abdd-ecab-4888-ba0f-cbf7c2edf0f8,Colorado,1,Sake2Me LLC,,,,,,2019-04-17,,,,
8efb3558-7269-4122-943f-7bce5548b79a,e3ca5638-e869-486d-a29a-75165395fc29,Colorado,1,"Jeskis, Inc DBA Suehiro Japanese Restaurant",,,,,,2019-04-16,,,,
aaa3a1d0-7ace-4676-892c-911b492aabf6,17103cd5-b54a-4e78-9f93-6281a07fdad4,Colorado,1,Invictus Infotech,,,,,,2019-04-15,,,,
71a6cf2c-f3e1-4071-adf9-0b9ae32deb71,ba9e467c-363e-4fe9-b2dc-2c83f411fd87,Colorado,1,"Harouts Inc dba Brewing Market, Ltd",,,,,,2019-04-10,,,,
e590bc6d-d8ae-444b-9557-103f25e859ad,f5712851-f0ff-47b6-bf4d-311a3782e5e4,Colorado,1,Skin Cleaners,,,,,,2019-04-09,,,,
95b78975-7628-46c1-934f-a4987ac7a43b,6c344f02-ffd2-420a-bfc2-ce7f9f1409c9,Colorado,1,Luxe Salon,,,,,,2019-03-29,,,,
efc55f4c-5f72-42a4-ac91-171775e4631a,b3cd2aba-903d-4353-8fe7-7511ffbfa11e,Colorado,1,"DC Automotive, Inc dba Arapahoe KIA",,,,,,2019-03-29,,,,
3dce8c1e-3989-4ecb-8138-ba9131c1cdc5,1a23a7a2-0645-4925-a6aa-1aa61270c32d,Colorado,1,Ben Franklin Group LLC,,,,,,2019-03-29,,,,
1d1ee076-b019-4358-a70c-fa68d48a56bd,8f5ec888-3427-4f98-be8c-711876006983,Colorado,1,"Rocky Mountain Business Advocate Group, LLC",,,,,,2019-03-21,,,,
b1a9c4a7-bff3-4205-ad83-29038dec5d15,08420a0b-c763-44e1-af77-a2e5d667e3fb,Colorado,1,"Frozen Matter, LLC DBA Retrograde",,,,,,2019-03-19,,,,
99319ee1-c8db-4a3d-a313-89c2a66fa182,c41db90e-b3ee-41ab-a105-6bc477143fdd,Colorado,1,New Bern Transport Corporation d/b/a Pepsi Beverages Company,,,,,,2019-03-11,,,,
a431f8d5-389d-414d-9074-571dbad01004,a2fddbbc-b6d7-47a3-9344-961389ea4ebf,Colorado,1,True Grits Steakhouse,,,,,,2019-03-07,,,,
4bbfed3e-9b1c-471b-ad97-8aa05096df8b,983b8c85-9719-483c-9c97-72bd4f637438,Colorado,1,"Career Connection, Inc.",,,,,,2019-02-26,,,,
c39cc17d-3431-43be-a8da-5c526a9020f6,768ea653-5d61-40ae-ab25-f086f40e7ff8,Colorado,1,"Career Connection, Inc.",,,,,,2019-02-26,,,,
45980f39-e50a-4625-817c-a9b26c07abde,61e05b7c-03c5-4c35-b212-4a829f99b6d8,Colorado,1,"Career Connection, Inc.",,,,,,2019-02-26,,,,
86359b1f-89fd-4b56-a121-e01de1a7d0f9,cf5cd96d-9250-458c-9318-e3472f65a5ae,Colorado,1,Grit LLC,,,,,,2019-02-26,,,,
c14d9d46-9aa1-449f-90d2-6fe01f30bb20,376ac6dc-b1e4-40f2-b9d2-f398974f45da,Colorado,1,BJ'S Auto Theft Repair Specialists,,,,,,2019-02-22,,,,
13b1215c-7547-46b6-b1bd-f3381ed06af3,ea99065e-03ee-4c6f-8e76-a591ab1ae004,Colorado,1,Harmony in Hair Salon and Spa,,,,,,2019-02-20,,,,
54fda3f8-a3a6-4d6e-8b17-7bb091488ee2,13f51a76-e883-4168-a6af-4f1052c9905e,Colorado,1,Blue Ribbon Distributing,,,,,,2019-02-19,,,,
dd0377af-9614-4319-a6a2-668f577936e6,88beaa17-249a-4178-8986-da631fc15705,Colorado,1,Funny Plus,,,,,,2019-02-07,,,,
18f394c2-8447-43bf-a1c7-b16399e75464,e63d257e-099c-489a-bc24-4b0a488a7788,Colorado,1,West Direct Oil (Equipment Savers),,,,,,2019-02-01,,,,
4017b6e5-0d35-4485-8722-e69b7d7324f5,29c8e19f-f23b-47e5-ad90-04bb239ae79a,Colorado,1,DXC Technology,,,,,,2019-01-31,,,,
9c7230e5-0e95-4815-91f5-42d73be54031,7feb293e-649e-4c6c-ac6c-0b2e73b60a5e,Colorado,1,"Superior Art Imaging, LLC.",,,,,,2019-01-29,,,,
48fd524d-b192-4b8a-844d-3a7f5d5176cb,17ed3142-ed2c-4d92-9fce-79f6b0007dcb,Colorado,1,Cardel Homes,,,,,,2019-01-28,,,,
66aeaf1b-222c-4bfd-97a4-6545196dcde0,62cfbdfe-950a-4914-8357-1f860063d47d,Colorado,1,Colorado Cryospa,,,,,,2019-01-24,,,,
241c1d06-25fb-4ef9-98e4-f2786aea3461,d072a703-650f-42d7-8765-1efd077c1cbf,Colorado,1,Downtown Property Services,,,,,,2019-01-18,,,,
38c74d95-3619-4687-9fde-9cc5c5f82dc6,c6f78699-7c0e-4b9a-b905-e3214d8b0842,Colorado,1,Rocky Mountain Homecare Inc,,,,,,2019-01-16,,,,
984fc139-7d2c-4fb7-bf29-d50b094efc3f,c4c0a24b-2bad-4e7d-ab92-3346012a431f,Colorado,1,Rocky Mountain Homecare Inc,,,,,,2019-01-16,,,,
5a6fff09-4195-4f97-a25d-502316404425,b8e9057b-03f9-407b-81cf-3f3586d8f0bf,Colorado,1,Care Services Management,,,,,,2019-01-10,,,,
64df252b-55da-4b5c-b14c-271d7d16a154,adf9ac2b-aff9-47ac-af30-07309bd08a3c,Colorado,1,ADCO Pro Cleaning Supply Company,,,,,,2019-01-08,,,,
ce057daa-5ea8-49bf-9b75-1b282398e8aa,2d222c73-4285-4616-aa8b-2078111702c8,Colorado,1,Luxurious Estate Sales International LLC,,,,,,2019-01-08,,,,
fcc9d339-c351-40aa-a47e-d456338060d6,9484255a-85a1-4e60-995e-012e061a3a22,Colorado,1,Autowerks East,,,,,,2019-01-04,,,,
952b2674-3f4b-4b17-b512-6b21d2c5d9cd,b4e8f1fd-feeb-4db5-aa4a-7b6db6d88e5f,Colorado,1,Estes Park Vacation Rentals d/b/a Sky Run Estes,,,,,,2019-01-03,,,,
a197c232-6002-4e62-966f-8680a8c23c1e,43457d13-4045-4ecf-adbd-31e97a90edf1,Colorado,1,Goods Trading Co,,,,,,2018-12-21,,,,
f8d64a73-2d0a-41f8-aa9a-5b73605c92e3,e6951b53-e3ca-4697-8ccb-7219f113ea2a,Colorado,1,Tilted Kilt Pub & Eatery,,,,,,2018-12-20,,,,
0f7cd01a-f759-4b07-854d-7ae27f55d3d6,54485cae-dc6b-4afd-9f64-886ed859d067,Colorado,1,"Serenic Software, Inc.",,,,,,2018-12-20,,,,
c9c867dd-3e09-4091-aa87-6874b01e8fe9,8dfa4b6b-9d9f-472e-bfe4-ded928a685be,Colorado,1,Gibson's Handyman Services & Maintenance LLC,,,,,,2018-12-11,,,,
078ace4c-e4a1-4dee-bcaa-cc76ae5fa46a,a594345b-98f0-401a-b1b2-84265e274a3a,Colorado,1,N-faith Green Waste Solutions,,,,,,2018-12-10,,,,
6b5c19a9-2c4c-4dbc-9e22-664717084927,333e94cd-e4f3-4abe-b8ba-9f2c1e957187,Colorado,1,New Beginnings Recovery Center,,,,,,2018-12-07,,,,
52807b9e-dae3-45e8-b132-5e6115734906,b2b83c52-d498-4d0d-b2a1-70f706787961,Colorado,1,Asbestos Professionals LLC,,,,,,2018-12-06,,,,
2672dae0-37bb-413f-92f2-2f2330fe7ec0,422472d0-4274-4591-9a3c-4b9d9dc8e90a,Colorado,1,Complete Dental Care,,,,,,2018-11-30,,,,
75255666-ec64-4701-a3dd-11f3cd0a653a,0a65b9ca-2fee-4329-be99-a2296db3dec0,Colorado,1,Domestic Insulation Co.,,,,,,2018-11-30,,,,
d9159d32-af34-4fe7-aed4-135203694fd3,57989dbd-dee5-461c-a0de-bdcba50c9b7e,Colorado,1,Ajax Technologies LLC,,,,,,2018-11-30,,,,
3458bb38-f401-4488-8d78-5a245e329d53,edec04dd-8955-4608-9c1d-f429686f8791,Colorado,1,"Teek, LLC",,,,,,2018-11-27,,,,
91b49bbb-849c-46cd-837b-da334ea6f5ad,9f3e582b-cf6b-4275-9d5b-4fa9daad2b3b,Colorado,1,Burger King Ocedon,,,,,,2018-11-16,,,,
2e98c207-2f89-456b-9ddc-33f7d937fc17,dd16a612-a26e-4ab9-afc5-5cf9f0c1fae9,Colorado,1,Cobblestone Ventures,,,,,,2018-11-14,,,,
052dafd9-4734-4375-83b4-c7eddb25cbe7,eb3f59cf-d49b-4ff6-be4e-bf1da1303ff0,Colorado,1,Complete Dental Care,,,,,,2018-11-13,,,,
c512d0de-1d29-4939-9b43-d6aec576845d,18e90a44-28ea-4a6d-a81b-2e8e0cf3a5ea,Colorado,1,Ardent Mills LLC,,,,,,2018-11-07,,,,
0712a994-b4b8-4e9f-b12f-aa20b7103ef8,c9393e28-e2cb-4dcf-b6f7-1e30d897eb81,Colorado,1,"Smile One Prof, LLC d/b/a Comfort Dental Braces",,,,,,2018-11-07,,,,
4c93e3c4-d5c2-430e-8269-7d8b3d5c73b3,384aba07-ce96-461b-a1f6-ad1e08e063b8,Colorado,1,Domestic Insulation Co Inc,,,,,,2018-11-06,,,,
3ae49b89-333c-4afc-a9b5-93eb905dabd1,0c755488-7f7a-476b-b28c-bd2a44ca5a0d,Colorado,1,Domestic Insulation Co Inc,,,,,,2018-11-06,,,,
7b8d5094-05c9-4c4f-8b72-7d29cce7e672,f75b8002-3fe2-469f-885f-09b276e1f1ce,Colorado,1,Front Range Eye Associates,,,,,,2018-10-31,,,,
751ff31a-c20b-4522-ae5d-c05a00d0cca7,d7351181-82a0-4301-92f7-4a72f564e7f7,Colorado,1,AMB Janitorial Service,,,,,,2018-10-24,,,,
b278c32e-e636-4189-91b2-1576149799fa,2007226d-aaef-4a0d-986c-dc0a11f02f54,Colorado,1,"Four Star Realty & Property Management, Inc.",,,,,,2018-10-24,,,,
eb00f4df-e11e-4963-a953-52e98f1ad8a9,3ef41452-b079-42d5-9310-e5099cd057f9,Colorado,1,Trimble True Value Hardware & Garden Center,,,,,,2018-10-18,,,,
6386055d-90f7-45c9-968c-2d309959864b,3b605181-cc2a-4adf-9381-54b521b1aa1e,Colorado,1,"Carlson Management Group, Inc. d/b/a McDonald's",,,,,,2018-10-11,,,,
e1e4eadd-7189-44ef-abfc-9dfa21dbb8d6,4a87f81b-52f0-4228-af22-250785fe191f,Colorado,1,Albertsons Companies,,,,,,2018-10-09,,,,
a4061d3e-c3f3-4763-966e-c3e5f12f8e6f,d015b1b7-82fb-40fc-8a38-91cef82a0aef,Colorado,1,"Colorado DHCA DTC, PLLC",,,,,,2018-10-04,,,,
5fce67df-2822-4cca-93e1-cacf0359f5f1,58df96fd-5abc-472a-b2a4-3097cebccc2b,Colorado,1,The Dish Room,,,,,,2018-10-03,,,,
a194bf32-95b3-471a-a6ac-44e08d1daa78,dd55120a-0ae0-4a89-9f2e-9a40c1792af4,Colorado,1,Rise Broadband,,,,,,2018-09-27,,,,
ca757a11-6890-4e9c-8821-0204b182b025,0eb5e90e-e3b5-47cb-9f45-d955926db2f3,Colorado,1,Midas/Colorado Motor Sports LLC,,,,,,2018-09-27,,,,
07343b93-f380-467c-a155-2d2645e35395,ef8143c0-b2e5-493b-a7ea-0ab4eb0a76e7,Colorado,1,Sprinkler Squad,,,,,,2018-09-24,,,,
7251775b-b184-4eaf-b02f-671598a77762,d9fcc8f7-44cf-41ea-a7e7-3d0f937273be,Colorado,1,Tuckers Processing LLC/High Street Growers,,,,,,2018-09-21,,,,
33239233-0aab-4460-a98c-2bfd2dd12278,cee30e1b-3051-4ab7-a5e8-56c66f452244,Colorado,1,Wag N Wash,,,,,,2018-09-20,,,,
e084dfce-f5ec-4cee-a2b7-04a9e4a2520e,5735a2ac-26bc-4a20-9256-31b89aa16d01,Colorado,1,Pizza Republica,,,,,,2018-09-17,,,,
aea5f47a-1ac6-418e-b863-588ed977cea6,1ec5e34d-0c58-42ad-8d6a-363444588743,Colorado,1,Interim Healthcare,,,,,,2018-09-14,,,,
641b055d-8788-4d4e-ad69-b496eb19101f,3d26625d-a514-49db-b914-335a8f687bbc,Colorado,1,Mountain States Driver's Education,,,,,,2018-09-06,,,,
90ce60c5-32cd-4533-943b-4ba38c56d06a,2f555033-bdbe-4240-b2df-82abb51d2ee1,Colorado,1,"Homer's Pizza, Inc. d/b/a Little Caesar's Pizza",,,,,,2018-09-04,,,,
34e71c2d-f237-41cf-aa59-6c2de23d41e7,87475546-dc64-4fe0-9857-8528289608c5,Colorado,1,"RouteRiders Co, Inc",,,,,,2018-08-24,,,,
25d09530-0c94-494b-aae2-ffb0baeb0e2d,2dabc631-3a80-4190-bc52-1c8bfa5e7e74,Colorado,1,Office Outfitters and Planners Inc.,,,,,,2018-08-21,,,,
93e4f95d-14b1-4d7d-8492-5f055950fc4d,0e3392c8-40f0-4a6b-a402-99b0d4c6244d,Colorado,1,Howard Johnson (LD Hospitality Inc.),,,,,,2018-08-16,,,,
7779b2d5-67a2-491a-a7bf-099ed89a0247,9c1160f7-5c54-4a75-92e2-46f3c3e8786f,Colorado,1,Howard Johnson (LD Hospitality Inc.),,,,,,2018-08-16,,,,
5a451d1e-a32e-48c2-93ae-3294cc0b3fec,d8d7e0f4-74ab-4933-a647-f7b22d810e9f,Colorado,1,Safeway Services,,,,,,2018-08-10,,,,
17880990-5a65-41cf-a9c7-67fd2323bc3a,9ba27eea-40d1-4057-897c-30a1cfb1d6f7,Colorado,1,"Marquez Environmental Services, Inc.",,,,,,2018-08-09,,,,
661dbc74-c51d-4786-a433-9ce85f5b4528,e9ae2e2c-ee47-44a7-aa1a-d7966f2c7a61,Colorado,1,Green Island Staffing LLC,,,,,,2018-07-31,,,,
8f0080bd-0bca-4ec0-bf00-c29056532f73,b8d008ce-b965-4f13-9c28-1781639bc6fc,Colorado,1,Excel in Driving,,,,,,2018-07-27,,,,
cfeea3c6-ab64-4fc5-8995-0eea193f4e61,b48d40cd-80c8-46ab-9b7c-bb180870fabc,Colorado,1,Advanced Circuits,,,,,,2018-07-18,,,,
c8950105-4329-43d1-a3d5-6a5915af0d7a,0d67e953-c773-4089-937b-57a615021e3a,Colorado,1,Surplus Solutions,,,,,,2018-06-29,,,,
10cbb355-fe0f-4da5-8d71-f6e6f7ca5740,1f469bab-e307-4cea-ab73-e95978e75de1,Colorado,1,Strategic Pharma Inc,,,,,,2018-06-22,,,,
8b39cf1f-af34-4e57-8395-79614f8cbd74,f5ba0e7f-f926-4e49-84ac-a01198bbef50,Colorado,1,Cortado Inc DBA ThinPrint Inc.,,,,,,2018-06-15,,,,
19affbff-a563-466f-ba65-1c3a50566981,14277655-7b3b-4cb3-82d0-de2fe520729a,Colorado,1,"Colorado Pain and Rehab Medical Center, Inc.",,,,,,2018-06-15,,,,
841b2e24-3158-4f6a-8fbf-20621543ce45,acbff407-c406-4ba6-afd1-6fc74007ed49,Colorado,1,Whitestar Consulting,,,,,,2018-06-13,,,,
10c76140-e994-4bc9-892c-16dab8e0802b,99d2f9ac-928b-4a77-806a-4719a617c5be,Colorado,1,Certified Windows and Siding,,,,,,2018-06-12,,,,
795c3e37-39ca-490e-a8e1-ccc1862cbd5b,d2288bee-16ec-4db3-b249-3897829c6c07,Colorado,1,"Stevens & Associates, Inc.",,,,,,2018-06-04,,,,
924c2d6b-2def-4dd0-be44-9da1055aef5d,e022d247-ea64-4b07-ba7d-1d0e7777cb55,Colorado,1,"Whayne and Sons Enterprises, Inc.",,,,,,2018-05-31,,,,
3ec000ba-b135-4c8f-8550-0d6e0ae7eb88,c1576951-9668-47b6-b5bd-2676a840c18d,Colorado,1,Raven Investigations and Security Services,,,,,,2018-05-30,,,,
049d5289-b982-4f19-8573-d7f73021dace,57954268-09b5-4b96-a278-17af354d2833,Colorado,1,5 Star Electric dba Schnell Entertainment Inc.,,,,,,2018-05-23,,,,
00441140-d971-49ff-83d8-c99a82da84d1,cfc246be-1545-403d-be00-f5502fcb48ed,Colorado,1,5 Star Electric dba Schnell Entertainment Inc.,,,,,,2018-05-23,,,,
4cd2f947-502f-462c-9352-b496df5ba6f4,79d7b97f-d734-4be5-b3ed-aab2d9d89f46,Colorado,1,5 Star Electric dba Schnell Entertainment Inc.,,,,,,2018-05-23,,,,
05fcfe7e-4b12-4748-9543-13c1349c2a4e,f410b97f-8b0b-44ec-896a-eaebb66c5809,Colorado,1,5 Star Electric dba Schnell Entertainment Inc.,,,,,,2018-05-23,,,,
5c9cdb39-0496-4ae6-b9df-56ad408f0959,f9a41da6-b9eb-4f32-8fba-48faeefd97c6,Colorado,1,"Summit Coffee Company LLC, dba Cuppa Joe",,,,,,2018-05-10,,,,
2a7ed666-48fe-40c0-945b-94e76dd39794,5d8ec456-b401-426c-92cd-6126f767f375,Colorado,1,"The Augusta Group, LLC",,,,,,2018-05-09,,,,
8ecd6dd5-fafb-43c0-9f75-a513603884ba,de3038aa-fa24-4e59-b31a-4f93f00a627f,Colorado,1,Denver Tax Diva,,,,,,2018-05-04,,,,
bd6ba307-4b9c-4703-8cfd-54b4491aedb9,9125a966-148c-43ad-b612-a6ba70745fbf,Colorado,1,"THE ROUND UP BAR & RESTAURANT, INC",,,,,,2018-05-02,,,,
672926d1-4e31-4f87-84df-900012deeed7,ca9a8940-df94-4f74-bc99-1b9e2cc8675b,Colorado,1,B & J Corp DBA Highpoint Liquors,,,,,,2018-05-02,,,,
6eb8bfe2-8e21-4210-860e-9d82eb2b51c7,df63a980-92d6-4ec2-8d79-1812a6216e5e,Colorado,1,Moye White LLP,,,,,,2018-04-30,,,,
ac2ede0d-31b8-4bf0-a64f-7a5ff3ac0296,111f560c-d92d-4a80-9312-4ea7230c1fab,Colorado,1,Energy Smart Door Systems,,,,,,2018-04-25,,,,
64a2cc3e-51a1-4942-a573-cfe66f333f47,105c0996-67e9-4c7a-ac27-77897b1a3748,Colorado,1,United Parcel Service,,,,,,2018-04-24,,,,
4694e632-6afc-430c-a5bf-c884d885af35,1bffa3c0-36a4-4db4-8710-d8387b76a954,Colorado,1,Folium Biosciences aka Whole Hemp Co,,,,,,2018-04-23,,,,
e5cd4c70-e35e-4088-bc92-ddc299de8ba3,533de0a7-fe96-4cbb-8a9d-21020f226675,Colorado,1,Emmett Plastic Surgery,,,,,,2018-04-17,,,,
87e6261c-3102-45ae-88de-b7dc92a356ca,1a12686c-e0e4-4dfc-b5d9-bafc9835f615,Colorado,1,Dreamquest Academy,,,,,,2018-04-12,,,,
18111b2c-fe1d-4ce9-a5fe-c8223f01d5fd,2b8a4b9a-30e2-4f94-a607-7e76fed3efc4,Colorado,1,Klatke Construction Management,,,,,,2018-04-06,,,,
eac030f2-6ba1-4386-a12e-8e968f7ea729,a31bfd1c-3605-4483-9bd8-e7ced0a18cd5,Colorado,1,Cookies With Altitude,,,,,,2018-03-28,,,,
4a919031-0548-4e9e-88fe-ad4f1e1f9f01,bfc4d79b-53e1-4348-9892-472f1e1d4ef8,Colorado,1,AmazingE,,,,,,2018-03-23,,,,
1ec26f28-c10a-4225-9f4d-e34abb8d8a59,51c2fdb9-8a9c-4d68-bfcc-c79cc868f645,Colorado,1,"Peak Building Solutions, Inc.",,,,,,2018-03-16,,,,
9f0ae565-40bb-4570-808c-695cc7c8345e,7c5f5e0a-76ad-408d-9fa2-c91aa919a259,Colorado,1,"Face Logic, LLC",,,,,,2018-03-16,,,,
6c32a411-dd6b-4af6-abbb-222fd2bbaece,395a7387-52ee-4f87-a8bd-e8fc6466b52f,Colorado,1,,,,,,,,,,,
09b4d397-b041-478e-882c-03edfa9b3cb7,63bec92b-0047-42c1-a3d6-8bd8a60f7b42,Colorado,1,Advance Professional Security,,,,,,2018-03-07,,,,
043cfe3c-6f2f-40df-8af6-5fef8443472e,b3ececa8-9633-403f-8b49-c55282b5e11e,Colorado,1,DeAndrea Coring and Sawing,,,,,,2018-03-07,,,,
5a6b66f1-c512-4ba7-85ec-76232a5d1a1b,ffee8099-a3fd-463e-87c8-ecbfbe3a327d,Colorado,1,"Todd M. Roby DDS, PC",,,,,,2018-02-27,,,,
3dc3d9e6-e854-4599-a501-dc2b962bb732,2cc1aaa4-231e-4f6f-8794-bd208f53e775,Colorado,1,"Newco Ventures, LLC",,,,,,2018-02-27,,,,
9cb7aaf6-d453-4258-a789-f7cef41aa9b5,a17b3133-06ee-442b-821b-7be9975fcf4e,Colorado,1,Kirk R Rathburn DDS PC,,,,,,2018-02-09,,,,
e3c8fe78-eb1c-4a0a-9c82-ed84a98d1b4a,d8068785-c460-4b90-9718-0a807dba0fe8,Colorado,1,Virginia's Kitchen LLC d/b/a BlueKudu,,,,,,2018-02-08,,,,
534972f1-163e-4d29-a014-f048bc8baffc,5ad7986d-b6d8-42bd-9028-976c8fe33839,Colorado,1,Colorado Signworks,,,,,,2018-01-17,,,,
aa738dc2-ac02-4815-8fdf-586f3b45f539,bea13ab3-61f8-4502-895e-9b22e00ebdf2,Colorado,1,"JD Snow, LLC. dba Mulligan Joe's Sports Tavern",,,,,,2018-01-12,,,,
2887817e-c9a6-4a01-817c-a36b4172c530,9d53cd19-fba5-4ae1-9783-8fba1a698ec6,Colorado,1,Southwest Dental Care,,,,,,2018-01-04,,,,
0e035624-3979-4fd0-9e7d-36dd7c1a0e20,cb398c57-66f6-4827-be65-b17a91d1ed83,Colorado,1,"Jandyco, PLLC",,,,,,2018-01-04,,,,
b704af17-296a-426c-8f42-76d0fc652bb7,92eb56e4-ca37-4a63-8694-99ed11f7bfb1,Colorado,1,Sleeping UTE Mountain Motel,,,,,,2017-12-28,,,,
a85deb43-f398-4e01-b1c2-50767d2ec61c,16252ffd-b2b8-4585-8728-eeb93689656c,Colorado,1,"Happy Tails Veterinary Care, LLC",,,,,,2017-12-27,,,,
4050e676-007f-497c-9556-9cf828c7636a,ca4ffac6-21cf-482a-98f5-9ad9c2348789,Colorado,1,DeAndrea Coring and Sawing,,,,,,2017-12-20,,,,
37c52250-6f10-42e0-9178-f77827eeaa69,a1a1cf4a-7f0f-43bd-bec5-0832dc2b4384,Colorado,1,"Douglass Colony Group, Inc.",,,,,,2017-11-27,,,,
0c27aa3d-5d54-4a8b-9f1a-87b8242e08f2,b138ed24-dcc9-42c3-a602-225f8c53005a,Colorado,1,"Torben Walters Insurance Agency, Inc.",,,,,,2017-11-14,,,,
f84c6499-bcaf-4e75-96ee-08bb52595b0a,27bfb415-f118-47be-8c39-a068c70ac51c,Colorado,1,"Landry's Downtown Aquarium, Inc.",,,,,,2017-11-13,,,,
34550d36-8589-4853-a05c-7664a3bb2b57,934cbde0-e14b-481e-87aa-5bed2545982c,Colorado,1,"AAA Rental Connection, LLC",,,,,,2017-11-09,,,,
b7da7b5c-4ea2-40a3-8ba8-4f424a19cbd5,c05dc25a-3f62-400a-98b5-2f2893a244cf,Colorado,1,"Efficient Forms, LLC",,,,,,2017-11-09,,,,
cb658fdc-71c9-44ab-8eba-cc7d45768827,dae7634c-9de6-47a2-b89f-d9dd10767a62,Colorado,1,"AAA Rental Connection, LLC",,,,,,2017-11-09,,,,
688b2a85-51af-4da0-b70e-40980b274b99,e2cb4aa0-befd-47b7-8001-44f8f21603bf,Colorado,1,Coquette's Bistro & Bakery Company,,,,,,2017-10-30,,,,
2760ca74-22e6-491c-904f-8d7249b58f3d,c7ce5dae-01f7-493c-92bd-a14f6ef59a62,Colorado,1,"Mountain States Staffing, Inc.",,,,,,2017-10-27,,,,
ca245adf-395e-4ea7-a500-bf8c650186c2,44260d8f-e8c6-4053-a8c0-0748bc2b68ef,Colorado,1,Convergys Customer Management Group Inc.,,,,,,2017-10-26,,,,
ca86fd4f-f64e-4ba3-a8c7-8957da2ce46b,08968374-19f2-499d-81d0-1156bb4c8086,Colorado,1,Bridges Of Colorado,,,,,,2017-10-25,,,,
61593b1b-8eac-48b1-9a10-c2840b307ac6,acfd0bad-66bb-48a4-9e9f-f70cbc1f4aac,Colorado,1,AHR Construction Services,,,,,,2017-10-19,,,,
89af6f83-4bb8-4c1b-818b-3a294bb3fc41,62268658-ba36-4ff0-9e44-78690747a0a1,Colorado,1,Bender Medical Group DBA Miramont Family Medicine,,,,,,2017-10-18,,,,
f0b7a21c-a8f9-4281-9ba0-49769c97393c,281b6a7a-642c-4c52-b732-dfc39484d7e6,Colorado,1,BBAC Seasonal Sales Inc.,,,,,,2017-10-17,,,,
15389c32-28f3-4a82-a4e7-aac6ce416705,f584124f-5e8a-4794-83bc-913b1aaf882b,Colorado,1,InSpirit Creative,,,,,,2017-10-13,,,,
c8730f1f-a785-4531-b306-504543cf7055,2f4aa3f0-9d20-4d82-a5a2-f8127e7a8812,Colorado,1,"STG Specialty Service, LLC",,,,,,2017-10-05,,,,
579d20cc-dd0d-44df-8b56-10efc31b3a07,57e14a72-2cce-45d3-8a1c-56d25e86efa7,Colorado,1,"Shadow Ops Weaponry, Inc.",,,,,,2017-10-05,,,,
b2391557-73f0-4fab-a7b0-95daea0080ed,928d67b0-6ead-4143-b0a4-c96ffb81b0d1,Colorado,1,"Schaal Cattle CO, LLC",,,,,,2017-09-27,,,,
bc06e99e-f008-4806-a866-69bd5e9ba0a1,226399f9-3b4c-4c79-9f79-507948719cea,Colorado,1,Airserv Corp.,,,,,,2017-09-26,,,,
ff2813ea-d32d-41bb-9a9e-53914e6d82e3,dc6477f2-78cf-4492-8a03-83be74ac6aa6,Colorado,1,"Wildhorse Salon, LLC",,,,,,2017-09-22,,,,
a6182d52-b92a-41d6-ad30-02617f4c734e,e1fd7fd4-063e-4ba0-93cb-d89f9d433856,Colorado,1,"Chavez Construction, Inc.",,,,,,2017-09-15,,,,
4024a8ba-db47-40c5-b4f7-1ac2ab03fddb,7d2c8422-4955-4038-a271-81c1cdb6c96b,Colorado,1,Done Right Roofing and Exteriors Inc.,,,,,,2017-09-14,,,,
fc252ecf-17c2-4d10-9d3d-af4f5bdbc087,c86082a6-adea-4fc9-b39d-0db00819ee49,Colorado,1,American Teleconferencing Services LTD,,,,,,2017-09-13,,,,
b9ecb338-2cb4-47a3-8928-27e56a919413,de1edce5-5f76-45a6-b6fa-533268dcae54,Colorado,1,"Feldmann Nagel, LLC",,,,,,2017-08-23,,,,
863865cd-1dd2-495b-b490-01066463ff22,04d20d9c-4be9-44fe-9052-dd9db2aa6275,Colorado,1,6th Street Hair Salon and School,,,,,,2017-08-23,,,,
76817a3a-0b39-4e11-9edb-b546583b7ba2,af72d572-795f-439d-856b-94fbe902a5ec,Colorado,1,Highlands General and Cosmetic Dentistry,,,,,,2017-08-10,,,,
da195b9f-d496-4ced-ab3e-0da7d845f4f3,6197c0af-fd63-499d-9a58-09cd30c0b563,Colorado,1,"Riggins Inventory Services, LLC",,,,,,2017-08-08,,,,
18722e81-413b-4e15-af88-304e89e8848c,c44cc278-c784-42a4-8a99-915312ee9f4f,Colorado,1,"Montage Mortgage, LLC",,,,,,2017-08-07,,,,
4a065f78-66df-47a6-8650-02e7bc4fe6fa,cfba4b3d-b4c6-4803-84d2-1585028a76be,Colorado,1,Concert Concepts Production Services Inc,,,,,,2017-08-01,,,,
5f84e530-7c32-4864-9c95-fa40b2f4875b,6802e5c5-4a33-470b-a719-0f757308126a,Colorado,1,Tilted Kilt/Nacarame LLC,,,,,,2017-07-26,,,,
e82c2cc0-3b3d-4323-ab20-1955463c8ce7,85786b5d-0be8-4b32-8fcc-79f050fcb236,Colorado,1,Extreme Autoworks,,,,,,2017-07-25,,,,
252a0401-9926-4660-ad72-9feec7f0daac,ff667080-0d90-4de3-aebf-27272b6a8a89,Colorado,1,BDH Enterprises,,,,,,2017-07-20,,,,
78ab8b11-e88b-4813-8066-848512a09c33,910a7662-bbb5-418e-bfeb-c1dbe2aa9cf3,Colorado,1,Age Management MD,,,,,,2017-07-20,,,,
f6aeb026-95ed-42fa-8d52-701328d1424f,7a86596d-4e75-443e-904e-bfcd179d10c4,Colorado,1,Boxer Property Management,,,,,,2017-07-17,,,,
91924951-1407-4049-affa-a89044e2b7c7,776fd6e5-8c9c-4350-9132-d876ecb8d179,Colorado,1,Thriveology,,,,,,2017-07-13,,,,
59614ed3-6ed4-453b-9b02-7831f12d8df5,f5f8fce6-751d-418d-b002-f4cf688b5d09,Colorado,1,Excel Mechanical Systems,,,,,,2017-07-10,,,,
87e218e6-880f-4a81-9592-ededc1ce0046,4afad8f4-f8c1-4140-a5fa-e5d1f4616a61,Colorado,1,Rehabilitation and Nursing Center of the Rockies,,,,,,2017-07-07,,,,
65528bc6-bd88-48d5-95b0-2d875af341f0,28d33fff-cedd-44ab-828c-f2a77747268e,Colorado,1,Bullocks Hair,,,,,,2017-06-29,,,,
7aaf6903-6a85-4b91-afa5-0c9ccc772ba9,941ed719-3188-4044-aacc-f9e13e2da636,Colorado,1,TPM Staffing Services LLC,,,,,,2017-06-28,,,,
90be0ad4-cb96-4f4e-b571-559f596c179e,29ddbe8e-9b95-4683-a973-a566ac9f4107,Colorado,1,"Sonic Restuarants, Inc.",,,,,,2017-06-27,,,,
2a314f59-ba3e-4309-a842-0ee4bd5d0b72,fe114b86-0933-45ab-9374-2215507c4213,Colorado,1,MBB Staffing,,,,,,2017-06-21,,,,
78ac93b9-ed67-4ac9-b53a-aa9c6f6a2fc0,5f455eb4-568a-4b3a-a521-91d338d1e125,Colorado,1,RainTree Employer Coverage Sales,,,,,,2017-06-16,,,,
8e601e17-2555-4ca8-8293-83dfbb5f14c3,51ed8753-b8bf-497e-9b0c-318f912c7980,Colorado,1,"Flowhub, LLC",,,,,,2017-06-15,,,,
16b8b1d7-99d2-4993-a605-6947c16c5fe1,638f2880-e45a-42c7-8d62-ee67aec986d9,Colorado,1,Doctor John's Inc.,,,,,,2017-06-14,,,,
55b21b1d-8c77-4986-9ca8-0e9cf3760ed8,f9a7dcf2-adea-454d-ba8e-d6928db4048d,Colorado,1,Prospect Infosys Inc,,,,,,2017-06-13,,,,
1d9f9960-04b1-45ab-b524-a398ba915a2c,e72c1b2a-a9b1-4b8c-9e73-0f76783625b5,Colorado,1,United States Protective Service LLC,,,,,,2017-06-13,,,,
da6314b1-b13c-481d-8a9c-8624b5b9d0e8,b3b391a7-dc39-48a2-bdd1-a387cbe342cf,Colorado,1,Steel Images Inc.,,,,,,2017-06-01,,,,
b3e40051-742e-4dbc-a536-58f7c6b5e6c3,9b4ecee9-7f09-4734-8b10-a6d9410cde84,Colorado,1,Resort App,,,,,,2017-05-25,,,,
1fd07e2f-0d66-4afb-9823-677af7f354da,5d8c7c71-0167-4e08-a366-22812306eca0,Colorado,1,BMI Janitorial Group,,,,,,2017-05-24,,,,
777b0b8c-0e72-4086-8a75-879eccb14a58,9adc18ff-ed6c-4075-a5ea-ec6a95637cc8,Colorado,1,NY Deli News,,,,,,2017-05-17,,,,
95599f46-c6aa-436c-8b93-b3cef73cf4e8,5f4af4aa-ffe2-44bf-b96d-f9983192ec10,Colorado,1,"Maxx Auto Recovery, Inc.",,,,,,2017-05-16,,,,
ee3fee09-382d-4259-b05c-56384528298c,0dcfee54-9e21-4fba-913c-40e53152f7d6,Colorado,1,McPhaul Performance Horses,,,,,,2017-05-12,,,,
a0c81b22-18b0-4108-95a8-f04bccc5ec8c,99fe109b-9cd8-4a4d-8c73-b62da8432a56,Colorado,1,"Flaggers, Inc.",,,,,,2017-05-12,,,,
a8b2b0c4-4c55-4839-926a-48bab504ae77,512cf301-f759-452c-9284-a51c3e7253af,Colorado,1,United Parcel Service,,,,,,2017-05-03,,,,
159635df-9d8d-46f4-8bf6-3f598e0da75e,9b8b9315-6ce6-4fe3-b14f-216895620603,Colorado,1,"Halliburton Energy Services, Inc.",,,,,,2017-05-03,,,,
a4b27c70-5a41-4be6-a299-173dba2b41b3,1e4e06d3-c7bc-4b6d-812c-b0ee8f997659,Colorado,1,"Atlantic Building Systems LLC, dba Armstrong Steel",,,,,,2017-05-03,,,,
099933c9-d809-4aee-b9a0-37d139e5a6bf,259b6afc-372f-426e-b7cb-edd0d185c5ce,Colorado,1,Lavishea LLC,,,,,,2017-05-02,,,,
2d6d95f5-fcbe-4cd0-832e-139e139f0ae2,f8e6fdd2-d4ff-4f12-a04b-3271444c364d,Colorado,1,Schnell Integration,,,,,,2017-04-28,,,,
28e966f1-14af-4701-a7ad-7b32f304b4ab,6b1b99db-b951-45b2-8779-469db531df12,Colorado,1,Budget Landscaping Inc.,,,,,,2017-04-28,,,,
abbb6f43-753a-4ccc-85f9-06ef9f366083,02f7be6c-07fa-4344-8a6d-5d1eda9ff4bc,Colorado,1,"KTDC, LTD",,,,,,2017-04-20,,,,

