uuid,state_name,citation_sequence,employer_name,employer_dba_name,employer_city,violation_category,date_opened,date_paid,date_closed,amount_claimed,amount_assessed,amount_paid,paid_in_full,appeal_filed,lien_issued,specific_intent
5eee37a0-c8a8-477e-becb-2e9e03afd098,Maine,,WALLINGFORD FARM,,,,2016-06-14,,,,3451.85,985.0,,,,
a83dd0aa-be62-4ba1-9b2b-8eba0648fc97,Maine,,Eden Cleaners LLC,,,,2016-06-15,,,,132.16,132.16,,,,
38e803cf-b386-476c-a8a1-b30aaf5c1e9d,Maine,,RAVEN'S NEST,,,,2016-06-17,,,,504.0,504.0,,,,
4b4fc799-3be9-4632-b987-0d50c46d3879,Maine,,NORTHEAST SAFETY INC,,,,2016-06-21,,,,979.0,979.0,,,,
1a28fbdf-3976-4e9b-8139-0562e839f7c0,Maine,,US Security Associates Inc,,,,2016-06-23,,,,85.0,85.0,,,,
7b9d4938-d0c9-43a6-922e-0583ec478e69,Maine,,Charleys Philly Steaks,,,,2016-06-24,,,,1080.0,,,,,
213d8d7a-da1d-4f52-9207-fc71f8787b30,Maine,,Cooperative Development Institute,,,,2016-06-28,,,,1875.0,1875.0,,,,
8c5fe6df-90bd-4baa-9459-e710843d3d92,Maine,,VILLAGE SWEEP LLC,,,,2016-06-29,,,,199.5,,,,,
7ea059e0-7024-4884-b379-af353240b3b5,Maine,,Home Inc,,,,2016-07-06,,,,230.76,230.76,,,,
0874c54a-a1f7-46f7-8df0-96a510284722,Maine,,COMPREHENSIVE CLEANING SOLUTIONS,,,,2016-07-06,,,,490.0,490.0,,,,
4aa61797-6694-411c-98a1-94ad1960d9fa,Maine,,PORTLAND COLLISION,,,,2016-07-07,,,,518.0,518.0,,,,
9a1a4aba-b56c-45a3-830a-91dcec2bd611,Maine,,AFFORDABLE DELIVERY INC,,,,2016-07-08,,,,450.0,450.0,,,,
58f9a3cb-87d8-48a2-98a1-1089746d7251,Maine,,DUNKIN DONUTS,,,,2016-07-08,,,,320.56,320.56,,,,
1cfdd2a8-fde1-4137-a430-d571bebe305d,Maine,,Liquid Riot Bottling Co.,,,,2016-07-13,,,,324.0,324.0,,,,
a3b6b559-9b74-469e-a12e-3edddb356418,Maine,,PORTLAND CENTER FOR ASSISTED L,,,,2016-07-13,,,,1887.5,1887.5,,,,
6d752bce-5daf-4f98-8622-f01887c36f11,Maine,,OAK GROVE CENTER,,,,2016-07-18,,,,385.58,385.58,,,,
eaa13175-0e85-4c31-aadf-7cbfd955fcab,Maine,,HAMPTON INN,,,,2016-07-19,,,,108.0,108.0,,,,
b5745d25-2b70-4a28-ad66-76d07ee391df,Maine,,NORTHEAST SAFETY INC,,,,2016-07-26,,,,390.0,390.0,,,,
1709e665-6bb7-44a8-afc9-75c7e8678a79,Maine,,Elk Mountain Farm,,,,2016-07-26,,,,243.0,243.0,,,,
03981ece-6bde-415d-88e7-f5a2011219dc,Maine,,AUSTIN STREET BREWERY LLC,,,,2016-07-26,,,,7095.93,7095.93,,,,
3fb9447f-d8f9-4d08-a7d0-365ff434be21,Maine,,"PINE TREE COMMUNITY SERVICES, LLC",,,,2016-07-29,,,,2220.56,2220.56,,,,
29cc3372-2892-4cf2-9c66-0e2908cbe278,Maine,,Rural Maine Care Group,,,,2016-08-16,,,,159.0,159.0,,,,
ca5d3f3b-ade1-444c-afd8-012c8b657578,Maine,,THE GOLDENROD,,,,2016-08-16,,,,700.0,,,,,
4d4fa009-538f-457c-ac15-71515816953d,Maine,,Boy Scouts of America,,,,2016-08-16,,,,2631.02,2631.01,,,,
3a50d2be-86c6-4d06-b9b7-dad908e6fa73,Maine,,WATERVILLE HOUSE OF PIZZA INC,,,,2016-08-16,,,,300.0,300.0,,,,
e04d2ca4-f067-417d-b59a-7b4804d11d6c,Maine,,LITTLEFIELD CONCRETE FLOORS,,,,2016-08-16,,,,595.0,,,,,
9fd851eb-02f1-412c-9fd4-f892c5ddb4f2,Maine,,CLUB TACONNET UNIT,,,,2016-08-16,,,,1500.0,1500.0,,,,
37cbed98-524c-4597-8243-1d678ea7e989,Maine,,DANAS AUTO SALES,,,,2016-08-16,,,,615.0,615.0,,,,
32bc8968-c1cb-4377-866d-b06fd8f9f7f9,Maine,,SUN SET BEACH INN,,,,2016-08-17,,,,469.3,469.3,,,,
3c7cac51-20de-4f1e-9258-ff6e2cb70d6f,Maine,,Onestaff Medical,,,,2016-08-18,,,,175.5,175.5,,,,
e1b2faad-15f3-4442-9cdc-bef0543bf841,Maine,,AMS BROWN STREET APARTMENTS LL,,,,2016-08-18,,,,1444.86,1444.86,,,,
0227870e-ad3f-426c-8cd7-dbed29310c38,Maine,,SEAL COVE FARM L.L.C.,,,,2016-08-18,,,,72.0,72.0,,,,
b2c33c10-e618-4e7e-a2a1-f38f7eff8d91,Maine,,KOSTAS RESTAURANT & BAR,,,,2016-08-25,,,,97.0,97.0,,,,
47639d28-c07c-4fea-bf5b-eca89743406e,Maine,,K S D ATLANTIC TRANSPORT SYSTEMS Inc,,,,2016-08-25,,,,525.36,525.36,,,,
82133e1b-5c59-4a53-8570-4e8db1622bb6,Maine,,LIL FOOTPRINTS DAYCARE,,,,2016-08-25,,,,117.0,117.0,,,,
8c63f5c7-1b67-4f95-9728-b1f09df69d27,Maine,,KBC 14 LLC,,,,2016-09-06,,,,234.0,234.0,,,,
1cfa415c-34f4-4357-9fa5-37f18abf2314,Maine,,MAINE AUTO SERVICE,,,,2016-09-06,,,,132.14,132.14,,,,
794a526f-1eeb-4683-b8c6-af8716c9ab6f,Maine,,Diamond cut concrete cutting,,,,2016-09-08,,,,124.0,,,,,
26e1a89a-1253-4fcb-8fce-9230aad7750d,Maine,,ABOVE & BEYOND CLEANING INC,,,,2016-09-12,,,,353.5,353.5,,,,
a528f1e6-ce7f-47ff-a184-d7ccbfd5a42e,Maine,,CHARLES NADEAU,,,,2016-09-13,,,,6710.2,,,,,
6872604f-ff6b-4c42-8ae4-36e106cd13ce,Maine,,AYLAS SWEET WONDER,,,,2016-09-19,,,,386.72,386.72,,,,
07cce02e-cf5b-470f-a978-abcb5813c0b9,Maine,,CIRCLE K,,,,2016-09-20,,,,30.71,30.71,,,,
8c0a061b-625c-4cd9-9826-077029358d46,Maine,,PROTEA INTEGRATED HEALTH AND W,,,,2016-09-22,,,,16977.84,,,,,
4ca49770-6758-47f6-ac86-674465a507a7,Maine,,MAINE CONSERVATION CORP,,,,2016-09-27,,,,238.14,238.14,,,,
7f8447c1-4092-4543-82e6-b7fef558f8c2,Maine,,CALI'S CAFE & CORNER STORE,,,,2016-09-27,,,,1030.0,1030.0,,,,
a161983e-afbc-44d0-abcb-4e9aa3d7f5c2,Maine,,GATEWAY GLOBAL SOLUTIONS INC,,,,2016-09-30,,,,529.29,529.29,,,,
fcb9abe5-afcd-442e-87cc-24555b0fca7a,Maine,,FAR INC,,,,2016-09-30,,,,418.0,418.0,,,,
f5630bb2-613b-4214-9c7b-4b423a8d42aa,Maine,,BARBARA GANEM,,,,2016-09-30,,,,435.53,435.53,,,,
84c00d71-865e-44f1-8d5e-5283e019d9b1,Maine,,"FITZGERALD, CHARLOTTE",,,,2016-10-03,,,,273.5,280.5,,,,
dd3e4106-a099-4295-a756-181e19825f7c,Maine,,STARBIRD PIANO & ORGAN SHOPPE,,,,2016-10-03,,,,150.0,150.0,,,,
938dc717-3297-409e-b752-5e8ac2daee8b,Maine,,WEEBEEZ MT HOPE,,,,2016-10-06,,,,65.45,65.45,,,,
42aa3557-9dd3-45c5-8e52-2b1fed93026f,Maine,,THE WHALE'S TALE,,,,2016-10-12,,,,99.0,99.0,,,,
267ff882-d403-4b8b-b7d8-9b075c2c3e3d,Maine,,STEPPING STONES EARLY LEARNING,,,,2016-10-12,,,,195.0,,,,,
0678476d-d654-4f00-852f-84a37fb6a9ed,Maine,,PRO PAINT MAINE INC.,,,,2016-10-12,,,,228.47,228.47,,,,
29d8e3a6-8a14-4a35-bd2b-47cec3d96271,Maine,,SUPERIOR TRUCKING,,,,2016-10-12,,,,840.0,840.0,,,,
e0e656a6-e9ab-4fbe-aab0-bed1cb5aaf43,Maine,,Bickmore LLC,,,,2016-10-12,,,,3770.0,,,,,
b40aaff0-4bb7-4101-ae8b-a109ec062010,Maine,,CAMERON HOUSTON,,,,2016-10-18,,,,505.0,505.0,,,,
45f693a1-63c7-4695-ab69-18fc54c1e9a9,Maine,,Nathan O Northrup Forest Produ,,,,2016-10-19,,,,820.0,820.0,,,,
807aee4c-4d4f-42aa-9d15-df470c3c791f,Maine,,CAFUA DUNKIN MELVILLE AUGUSTA,,,,2016-10-24,,,,202.13,202.13,,,,
3ee5395a-78bb-4f69-90ef-7a551550cada,Maine,,KORNERSTONE EMPLOYMENT,,,,2016-10-25,,,,332.5,332.5,,,,
42ed1195-3118-4054-a7ae-ca69ae3152e5,Maine,,H M THOMAS ASSOCIATES INC,,,,2016-10-25,,,,30.0,30.0,,,,
df4c6d55-3b66-4e1d-970c-9c65b13ae283,Maine,,SPENCER'S MARKET,,,,2016-10-25,,,,1027.5,1027.5,,,,
55b6c3ef-de7d-436f-a467-a29a3eeb1127,Maine,,OUELLETTE SAND & GRAVEL INC,,,,2016-10-26,,,,400.0,,,,,
8378939e-d2cc-4a14-bcaf-8c5b68f3c3df,Maine,,KORNERSTONE EMPLOYMENT,,,,2016-10-28,,,,120.0,240.0,,,,
c1f90cbe-85e4-4425-adfb-a4ba698ffb31,Maine,,FULL CIRCLE HEALTH CARE LLC,,,,2016-11-01,,,,4636.41,,,,,
8634b2fa-b2fd-47a5-ba22-329077823dd8,Maine,,M & Ks Homemade Country Cooking,,,,2016-11-03,,,,37.72,37.72,,,,
eda91fe1-f2dd-4da1-bbd8-901b9278424b,Maine,,HOLMES LEGAL GROUP LLC,,,,2016-11-08,,,,348.0,348.0,,,,
df064b3c-48b8-4edf-a5ab-99f25d0a55cb,Maine,,CORNERSTONE DENTAL,,,,2016-11-08,,,,200.0,200.0,,,,
c822e19d-752b-4fa3-b3fa-f1cebb15137f,Maine,,OT TO PLAY OT TO LEARN,,,,2016-11-09,,,,551.2,551.2,,,,
5adf7a76-d7ae-494e-8264-5e172db8e9bd,Maine,,CAMERON HOUSTON,,,,2016-11-10,,,,690.0,690.0,,,,
e3cb7bb3-6cb1-431f-a452-b74a427f7da9,Maine,,NEW ENGLAND HOTEL AND RESTAURANTGROUP LLC,,,,2016-11-18,,,,1718.75,1300.0,,,,
dab89a94-e026-413c-af3c-0432b42d9df5,Maine,,BRIARWOOD CHILDRENS HOUSE INC,,,,2016-11-28,,,,9663.0,9663.0,,,,
4b8e5dbe-0d11-43fb-993b-1cd892511aba,Maine,,A C PROVOS INC,,,,2016-12-05,,,,616.0,616.0,,,,
f9cff29c-2f5a-4f61-a6e5-cbc49c87b20f,Maine,,DENNIS PAPER & FOODSERVICE,,,,2016-12-07,,,,612.46,612.46,,,,
c96de386-a5fb-4ac5-8176-a486d68daa8d,Maine,,ARTS SERVICE CENTER LLC,,,,2016-12-16,,,,330.0,330.0,,,,
27fca86e-9fb4-462e-a6a5-a09f7a27bacc,Maine,,NORTHEAST CHARTER & TOUR INC,,,,2016-12-21,,,,356.5,356.5,,,,
cd3cc05b-8486-479c-af38-5b47b0774776,Maine,,THAI SMILE & SUSHI RESTAURANT,,,,2016-12-21,,,,34.54,34.54,,,,
e7cb3eea-da2c-49cb-bbfc-ca223b2bcc4c,Maine,,BLUE SKY COUNSELING,,,,2016-10-25,,,,456.25,456.25,,,,
fdf5460e-1dc9-451b-938d-f1ef9331b36d,Maine,,Westbrook House of Pizza,,,,2016-11-10,,,,221.86,221.86,,,,
9417160e-7b3a-435a-bcf1-959da351334b,Maine,,PHOENIX HOME IMPROVEMENT & PRO,,,,2016-12-05,,,,13760.75,,,,,
2752098a-fc34-4cd4-b001-57e32667a9cf,Maine,,TOMS OF MAINE,,,,2016-12-05,,,,1106.2,1106.2,,,,
ecd5ea00-6785-44b7-9ab3-2aec73710c24,Maine,,"LINDSEY HOTEL, THE",,,,2016-12-21,,,,1976.5,,,,,
f47787c5-4f0e-450e-82b9-d226d092de05,Maine,,TOROSO,,,,2016-12-28,,,,124.5,124.5,,,,
42b881a5-cedc-4267-bb45-66ab13466ad7,Maine,,PERHAM JANITORIAL,,,,2016-12-28,,,,1753.0,,,,,
787d1088-6930-4072-b935-c7aa7e2b2aae,Maine,,Augusta Laundry Centers LLC,,,,2017-01-03,,,,85.0,84.0,,,,
000b7778-0048-4479-a906-950177af9f6c,Maine,,SWEET BEGINNINGS INFANT AND TO,,,,2017-01-04,,,,350.0,350.0,,,,
ad69b272-34f7-4b8f-9987-5b7cd9c1a428,Maine,,THE YORK HARBOR INN INC,,,,2017-01-04,,,,795.0,795.0,,,,
17e0eaa6-6d26-45a0-a1d2-de6da9cf4b1e,Maine,,Bickmore LLC,,,,2017-01-04,,,,4418.0,2246.48,,,,
268b3099-cae3-4a6e-a7e9-1a3060b5214e,Maine,,ALLAIRE DRYWALL INC,,,,2017-01-06,,,,1014.75,,,,,
b5deb441-45a4-45a8-8183-810a72ff4f8b,Maine,,Little Bears Den Learning Center,,,,2017-01-09,,,,125.5,169.5,,,,
e28ef7c2-25b8-4e77-951f-aed239fc1a87,Maine,,Masa Sub and Grill,,,,2017-01-13,,,,136.0,136.0,,,,
d62f608c-1b7a-431b-9988-065cc9ec1ce0,Maine,,HARDYPOND CONSTRUCTION,,,,2017-01-19,,,,371.34,371.34,,,,
dbe6f635-f437-4c43-bf2e-e8ee20541ea7,Maine,,RUFUS DEERING CO,,,,2017-01-19,,,,218.68,218.68,,,,
0d049bb5-17b2-4dec-859f-27667a539047,Maine,,Peter Smith & Sons,,,,2017-01-23,,,,750.0,750.0,,,,
2bfea4d4-af17-4078-8d47-da75d8dc1bbd,Maine,,SMK DONUTS INC,,,,2017-01-24,,,,408.14,408.14,,,,
d60a032b-9165-4588-97b9-74b416e48ebf,Maine,,HIGGINS BEACH MARKET,,,,2017-01-25,,,,3230.27,,,,,
1c27493f-1bd8-452a-a9c3-04785bdf568d,Maine,,SEQUELCARE OF MAINE LLC,,,,2017-01-25,,,,164.06,164.06,,,,
64da84ec-6670-496b-9ae0-a93f93a36bcd,Maine,,MOSHERS SEAFOOD,,,,2017-02-01,,,,333.0,333.0,,,,
2f922328-eaa7-43a7-a275-5f26e9a09766,Maine,,Fratres Ignis LLC,,,,2017-02-02,,,,10.65,10.65,,,,
3138168f-fac8-4571-af72-daeaa06b03d3,Maine,,NOBLE HOME HEALTH CARE INC,,,,2017-02-03,,,,49167.64,35073.87,,,,
9322c2f8-836e-4b6f-922f-341012453e35,Maine,,BRIGHT BEGINNING'S CHILDCARE C,,,,2017-02-07,,,,31.5,31.5,,,,
8af94781-8767-4265-9676-a5e3db5573fd,Maine,,Just Me In Home Care,,,,2017-02-07,,,,235.0,235.0,,,,
aa301a49-ef73-43d3-bdea-989950e6836f,Maine,,The Portland Meatball Co.,,,,2017-02-08,,,,204.0,204.0,,,,
9d63469d-19f6-4b71-81a0-15a1df7132d4,Maine,,Carroll F. Look Construction,,,,2017-02-09,,,,384.0,384.0,,,,
1ead2377-6ced-4dfc-a536-2fed421273e8,Maine,,LAUNDRY DEPOT LLC,,,,2017-02-09,,,,125.02,92.19,,,,
d4857ad0-e852-42eb-a677-4da8726503a9,Maine,,Liberty Tax Service,,,,2017-02-21,,,,52.83,52.83,,,,
afa73ab8-faee-4ea3-a177-634325132293,Maine,,PATS PIZZA OF SCARBOROUGH,,,,2017-02-21,,,,3180.0,3180.0,,,,
b1efdb14-2e97-4838-bdd3-0e9f28bea6d1,Maine,,WILLOW BAKE SHOPPE,,,,2017-02-22,,,,555.72,555.72,,,,
7628433a-2dd6-4f46-b0ea-1f05d28bbbac,Maine,,With Me Inc,,,,2017-02-22,,,,3295.7,,,,,
b0684828-4233-4e83-a395-9739e23eeaf1,Maine,,NEXXLINX CORPORATION,,,,2017-02-24,,,,355.5,355.5,,,,
ca89898c-17b7-4a44-aafc-4b7c02019f8a,Maine,,CHHC,,,,2017-02-24,,,,58.12,58.12,,,,
f4512eb1-106f-4fec-92ad-3f18a9564316,Maine,,R J TINGLER INC,,,,2017-03-06,,,,376.32,376.32,,,,
8635bbb8-4222-44b1-8e6c-ec34e0f449a0,Maine,,Snip & Tone,,,,2017-03-06,,,,320.0,320.0,,,,
14d5a15f-1e7d-4e03-b336-7342974c3625,Maine,,MSAD 58,,,,2017-03-08,,,,402.3,402.3,,,,
05755b94-cdaa-4f8d-b5e2-3161123d4664,Maine,,Rise and Shine Cafe Inc,,,,2017-03-08,,,,117.0,117.0,,,,
ac4bbee5-3256-4bdd-a06e-7fd66721d52a,Maine,,MAINE LANDSCAPE MANAGEMENT LLC,,,,2017-03-08,,,,404.25,404.25,,,,
c2ce13d6-0415-4aa3-8050-2c2ce39ab23b,Maine,,FIRESIDE LLC,,,,2017-03-10,,,,6600.0,,,,,
01bc8f02-4674-46ce-89b0-678ffabf2e51,Maine,,HOLLYS LLC,,,,2017-03-14,,,,996.07,996.07,,,,
52c8c525-b5d6-495c-a759-44cb5603e2b4,Maine,,VILLAGE HEALTH CARE LLC,,,,2017-03-14,,,,982.5,982.5,,,,
09e7f42f-85d4-4763-be9d-65ddf95a6e5f,Maine,,DAVES AUTO CARE,,,,2017-03-20,,,,460.0,460.0,,,,
55a944c8-d76c-47fc-92d4-26029373baeb,Maine,,RAO ENTERPRISES INC,,,,2017-03-27,,,,48.0,48.0,,,,
f4c08aac-c25c-4943-8784-036231ac0ce7,Maine,,OSMOSE UTILITIES SERVICES INC,,,,2017-03-27,,,,800.0,800.0,,,,
4a0083f3-6bf2-4133-854f-c6562c7aeedb,Maine,,COMFORTING CHOICES LLC,,,,2017-03-28,,,,441.0,,,,,
af6cae1e-1269-49a0-8973-a0041beec785,Maine,,Adam Zajac Inc,,,,2017-03-28,,,,3179.4,3179.4,,,,
1b81f24a-5cee-4ecc-a257-a97a22b7fbe6,Maine,,COMFORTING CHOICES LLC,,,,2017-03-29,,,,477.0,477.0,,,,
7f313127-4ae3-4914-a7de-8aa4d1cd7516,Maine,,RMC Transportation,,,,2017-03-29,,,,1400.0,1400.0,,,,
e4d7ec19-1e6c-4396-8737-cccf4eb3f565,Maine,,Belfast Breeze Inn,,,,2017-03-29,,,,1794.38,1794.38,,,,
a065932b-14d6-49dd-a565-0ca976d75fa5,Maine,,"Bowen, Francis D",,,,2017-03-31,,,,1032.0,1032.0,,,,
3ac2b7d6-9485-4d87-92a3-a0a8d2d7cd39,Maine,,VAPOR GURUS LLC,,,,2017-04-03,,,,99.25,99.25,,,,
86f2a97e-b5bd-424c-a02d-2083d4cfd229,Maine,,COMFORTING CHOICES LLC,,,,2017-04-05,,,,770.0,770.0,,,,
75fbd0d4-0a69-4dc1-89e9-d322a35b8dc9,Maine,,LEGAL EASE LLC PA,,,,2017-04-14,,,,335.0,335.0,,,,
c7ae0af1-b67f-4b83-8f52-80ae264cde0d,Maine,,T&D TIMBER PRODUCTS LLC,,,,2017-04-26,,,,441.75,,,,,
496fc319-77b5-4ff9-9b8f-bb8b7f6c65eb,Maine,,T&D TIMBER PRODUCTS LLC,,,,2017-04-26,,,,52.5,,,,,
ec114ce3-c7ea-45db-8954-93eb6e6a9c33,Maine,,Courtney Cleaners,,,,2017-04-26,,,,97.67,101.25,,,,
2ed02705-10de-43fa-adfb-39828d270599,Maine,,OCEANSIDE LANDSCAPING LLC,,,,2017-04-27,,,,117.0,,,,,
2b59fa22-532c-4274-a77c-6531fe564aa9,Maine,,FRP ENGINEERING SOLUTIONS LLC,,,,2017-04-27,,,,9296.0,9096.0,,,,
15ce306a-0d62-40fe-a0e5-5a8e8244d405,Maine,,DEREK LEONARD,,,,2017-04-27,,,,47.25,47.25,,,,
f1801935-d564-468e-ba4b-9de34f2dc39e,Maine,,NORTH SAILS MAINE,,,,2017-05-02,,,,376.75,376.75,,,,
932a2eb4-9b4b-49ec-ac1f-8f54a7188449,Maine,,HCSG EAST LLC,,,,2017-05-09,,,,42.5,42.5,,,,
8007b58f-348a-4714-a8c5-5a6f1e94a860,Maine,,BESSIES RESTAURANT,,,,2017-05-09,,,,686.0,114.3,,,,
5c4c0955-3794-4ea4-a0b0-81f37c48a351,Maine,,FURNICURE LLC,,,,2017-05-09,,,,3000.0,3000.0,,,,
5836f749-dde7-49fb-83a4-71b22ff51106,Maine,,ATLANTIC COAST TOWING INC,,,,2017-05-16,,,,480.0,480.0,,,,
41a8be6c-7ae0-4760-a7be-b449b3a49081,Maine,,"FULLCIRCLE SUPPORTS, INC.",,,,2017-05-16,,,,24741.0,16110.03,,,,
49316704-278f-453a-aa7a-ab15228f13ec,Maine,,DEREK ROY,,,,2017-05-19,,,,189.0,,,,,
dc7759c2-85f2-4502-b0b9-40622d230935,Maine,,RESIDENTIAL AND COMMUNITY SUPP,,,,2017-05-19,,,,400.0,400.0,,,,
09658726-0d1c-4f1f-be67-af961c728be8,Maine,,SUNRISE CAFE LLC,,,,2017-05-22,,,,3374.63,3374.63,,,,
bfca0671-72ec-427c-9b3a-3b0ef2208775,Maine,,SECUREMYNE INC,,,,2017-05-23,,,,40673.46,,,,,
81fcf1c0-303e-410a-a98a-23f40e4baee9,Maine,,CAIOLAS,,,,2017-05-24,,,,810.0,810.0,,,,
d8eaaaa1-e217-444e-ac47-ac0c27633b76,Maine,,WICKACHEE DINING ROOM INC,,,,2017-05-25,,,,514.38,514.38,,,,
7da87fba-320f-4181-9739-0cfa4ee8e7d1,Maine,,THE MARKET BASKET,,,,2017-06-06,,,,216.0,216.0,,,,
d36e66da-524e-446e-9b67-2d3600497b61,Maine,,,,,,2017-06-06,,,,1250.0,,,,,
5557c550-5d85-43dc-b13b-5ff560ed0242,Maine,,SEQUELCARE OF MAINE LLC,,,,2017-06-09,,,,72.0,72.0,,,,
b89490b4-5817-4940-a443-c1272b50056a,Maine,,TOTALLY KIDZ CHILD CARE & LEAR,,,,2017-06-13,,,,88.5,88.5,,,,
c80af0ca-f576-4aca-ab48-24a7479ac8d6,Maine,,YELLOWFRONT GROCERY,,,,2017-06-13,,,,1280.0,1280.0,,,,
0315dd59-a552-480e-9714-3d56ceba9a4a,Maine,,PENOBSCOT AERIE # 3177,,,,2017-06-15,,,,748.47,748.47,,,,
f1ac359e-3fa7-420c-929c-71acdb4bbe49,Maine,,MEGANTIC FISH & GAME CORP,,,,2017-06-16,,,,6767.99,6768.01,,,,
8456d897-87e6-4dca-8cf1-f82b4d2fa209,Maine,,TOROSO,,,,2017-06-16,,,,6089.5,,,,,
d626eaa5-5b22-4c82-a1f0-7ff729926067,Maine,,APEX MANAGEMENT,,,,2017-07-06,,,,722.0,722.0,,,,
9e0b3a2f-3135-4a07-b72c-97074f00b451,Maine,,NORTHEAST SAFETY INC,,,,2017-07-06,,,,266.53,266.53,,,,
5d03cf4c-0659-4330-beec-d0c444eff763,Maine,,MAINELY WRAPS,,,,2017-07-17,,,,55.0,,,,,
0ba36983-668e-4c56-9a3b-ed027954d547,Maine,,ADNIT INC,,,,2017-07-17,,,,1228.74,1228.74,,,,
39a0e43c-d630-48a9-9b8b-25b6d9dd2a44,Maine,,RESIDENTIAL RESOURCES OF MAINE,,,,2017-07-25,,,,10.0,10.0,,,,
9977f555-c47b-45c7-941d-36ca015d2ecc,Maine,,Lemays Lawn Svc & Driveway Sea,,,,2017-07-26,,,,126.0,126.0,,,,
fbe7c6d3-6c84-44ae-86f4-bbf3542dfb32,Maine,,Hilltop Superette,,,,2017-07-28,,,,104.0,104.0,,,,
51bad1b1-db7b-4e83-a3d4-424038c43e43,Maine,,DUNKIN DONUTS,,,,2017-07-31,,,,375.2,375.2,,,,
7b7376b2-8c59-49ed-8674-767b06e78cd8,Maine,,STUART B. MASON,,,,2017-07-31,,,,2240.0,2240.0,,,,
c151c53e-8644-44be-bee8-e782410b65de,Maine,,SEA SALT MARKET LLC,,,,2017-07-31,,,,149.52,149.52,,,,
c2263cc7-723d-46c3-8f72-205ee9ad27bc,Maine,,THE DOCKSIDER,,,,2017-07-31,,,,841.02,841.02,,,,
b4cf742b-37de-4db9-9f67-3db99fb0ba01,Maine,,NATURALLY POTATOES,,,,2017-08-01,,,,184.77,184.77,,,,
ae33ae3e-597c-45f7-bfce-60e575d602ab,Maine,,LEWISTON VARIETY LLC,,,,2017-08-02,,,,855.0,855.0,,,,
f45c9b66-78ee-4638-8cac-0d4ee57f758b,Maine,,Jo's World Famous Schnitzel Wagon,,,,2017-08-09,,,,95.0,95.0,,,,
b2a39f25-424c-46bf-b3ff-383fe5a2a113,Maine,,"LAVALLEE, KRYSTAL",,,,2017-08-10,,,,132.0,132.0,,,,
41b2f492-d502-44a7-9d51-589dc5a6a365,Maine,,COUNTRY FARE CATERING INC,,,,2017-08-10,,,,20.0,20.0,,,,
94c8f7af-d4ee-49a4-9490-fa512b0c0595,Maine,,TWO TOAD FARM,,,,2017-08-14,,,,300.0,300.0,,,,
61562d66-7bb7-40e5-a91a-3a3c554f45a3,Maine,,GLASS SOLUTIONS LLC,,,,2017-08-15,,,,33.61,33.61,,,,
6d3eb787-52cf-4975-8d9e-aa9b1700e41e,Maine,,TAMI LYN WESTBROOK,,,,2017-08-15,,,,58.0,,,,,
174f3a5d-642c-474e-84c2-63423c4b1bfe,Maine,,MARRINERS RESTAURANT,,,,2017-08-16,,,,1368.0,1368.0,,,,
c84e86dd-dfd2-474e-a34f-e2307ee5514c,Maine,,THE CELLAR BISTRO,,,,2017-08-18,,,,1407.28,1407.28,,,,
fe72c7b6-a078-4b78-adbb-c2b3584e052b,Maine,,POINT 2 POINT GLOBAL SECURITY,,,,2017-08-21,,,,350.0,,,,,
7c8642f4-1067-4455-957b-2e597538a722,Maine,,"RICHARDSON, TIMOTHY B",,,,2017-08-23,,,,874.5,874.5,,,,
7b5fee1d-bc60-4487-9dcd-f1c924281aa9,Maine,,PROFESSIONAL SECURITY CONSULTA,,,,2017-08-23,,,,268.25,268.25,,,,
0ee95ce8-53b6-40f6-929b-cf98587134fc,Maine,,Grantlee's Inc.,,,,2017-08-25,,,,500.0,500.0,,,,
28be88bd-870b-4fa2-b0bb-8f16bd20e912,Maine,,BACK TO BASICS BEHAVIORAL HEAL,,,,2017-08-30,,,,1801.04,1801.04,,,,
35cfa462-de0b-4bd1-b879-6e08e214ba63,Maine,,Sara A Currie Marketing Inc.,,,,2017-09-05,,,,1847.61,1847.61,,,,
9c1c4cce-5ff1-4791-8750-61bb9f20031b,Maine,,MEANWHILE LLC,,,,2017-09-05,,,,5636.7,7370.0,,,,
40109713-ed10-4c81-aa48-4edf5f971dcd,Maine,,O'Dan's Public House,,,,2017-09-08,,,,5008.5,,,,,
4e1ce77d-1b75-4904-b0e6-e732c66fc49b,Maine,,THE CELLAR BISTRO,,,,2017-09-08,,,,289.5,289.5,,,,
7b307e15-a7ed-4cfb-a7b0-e53961998a61,Maine,,TINDALLS COUNTRY STORE & DAM D,,,,2017-09-08,,,,302.23,302.23,,,,
79803b75-5d9f-4768-ab60-eed852209f65,Maine,,HARBOR CAFE,,,,2017-09-12,,,,627.0,627.0,,,,
3ed70af2-c1fc-4df3-9c87-679280171dc9,Maine,,AROOSTOOK BAND OF MICMACS,,,,2017-09-13,,,,88.56,88.56,,,,
d2b310ae-a0c0-45ab-8fa6-84e8656e61ee,Maine,,MAINE IMMIGRANT AND REFUGEE SE,,,,2017-09-15,,,,1634.11,1634.11,,,,
9c94a4a8-9991-4d92-ae43-21786dd51397,Maine,,APPALACHIAN TRAIL CAFE,,,,2017-09-20,,,,1584.0,1584.0,,,,
dcdb1d3f-4e9f-4344-b44a-e77a2d64adbe,Maine,,BOWDOIN TOWN STORE,,,,2017-09-21,,,,146.0,146.0,,,,
d43ceaac-7cfd-428f-8153-fc0fb5b7458b,Maine,,MEANWHILE LLC,,,,2017-09-22,,,,3919.0,3913.0,,,,
00e87d5a-1eac-4e1c-92ed-7f98ac5c76f5,Maine,,"ROLLOCK, CATHERINE L",,,,2017-09-22,,,,702.0,,,,,
adb29fcb-2788-4f2a-98a1-f19583bf50c8,Maine,,ATTEAN LAKE LODGE,,,,2017-09-27,,,,350.0,350.0,,,,
498bef07-db67-4350-9e94-c9731097dc12,Maine,,SALT BAY CAFE,,,,2017-09-27,,,,788.92,,,,,
30e061d0-98d8-4b56-926b-58ce79e1572f,Maine,,BLACK HORSE INN,,,,2017-09-28,,,,233.75,233.75,,,,
cc5802b0-6dd2-444c-ab51-4793e8626650,Maine,,FOUR SEASONS JANITORIAL CONTRA,,,,2017-10-02,,,,390.0,390.0,,,,
44814c24-80dc-4335-b0aa-37b34678cb47,Maine,,MAS MEDICAL STAFFING,,,,2017-10-02,,,,114.51,114.51,,,,
1bd6549c-88b1-4bef-bb94-c715060a32a8,Maine,,DAYS INN,,,,2017-10-05,,,,33090.0,33090.0,,,,
ad4afcc4-3d5a-486b-aa80-5b0344fc6e5b,Maine,,TRAHAN APARTMENTS OOB LLC,,,,2017-10-06,,,,29.72,29.72,,,,
7f474e9c-42cd-4b25-91bf-36b6d9f3bcb9,Maine,,Liberty Group Holdings,,,,2017-10-06,,,,12930.66,12930.66,,,,
709a57ab-c7d6-412b-a3dd-5b7e738202e3,Maine,,YORK EARTH WORX,,,,2017-10-11,,,,620.0,,,,,
95c22e73-72ec-45ff-a9e3-327055364465,Maine,,MAINE COAST REGIONAL,,,,2017-10-12,,,,10899.96,10899.96,,,,
30683b00-0d33-4193-956e-60496a02fb55,Maine,,APEX PROPERTY MANAGEMENT LLC,,,,2017-10-12,,,,19.58,20.0,,,,
643f828e-2d4c-484a-be2d-f588f3d81d0b,Maine,,KEY FLORAL INC,,,,2017-10-16,,,,252.0,252.0,,,,
4c51d62c-09f5-4eed-9787-483b5bb56a65,Maine,,"RICHARDSON, TIMOTHY B",,,,2017-10-19,,,,645.0,645.0,,,,
938ccb3b-d895-456e-a175-1ed27496e461,Maine,,FIVE BELOW INC,,,,2017-10-19,,,,904.5,904.5,,,,
d48d96a7-a562-4991-ad91-0cce75b1372f,Maine,,Marks Southern Autos,,,,2017-10-24,,,,2370.0,2370.0,,,,
0b4ffc71-57e8-4610-96ac-e383f06c4690,Maine,,WAL MART DISTRIBUTION CENTER,,,,2017-10-24,,,,1304.62,1304.62,,,,
45fe4c86-cc1e-45c4-9879-b2c6dedfa46a,Maine,,MOUNTAIN REAL ESTATE COMPANY LLC,,,,2017-10-24,,,,4361.28,4361.28,,,,
3b592705-4a43-4224-b4d4-81ac672551da,Maine,,APPALACHIAN TRAIL CAFE,,,,2017-10-26,,,,649.25,649.25,,,,
40b65238-7ecd-4a47-8947-5ea14afc3214,Maine,,JK ELECTRIC,,,,2017-11-02,,,,360.0,360.0,,,,
7eaa1f37-20b0-4c65-9b2f-35e8ad138c33,Maine,,MAINE CUSTOM KITCHENS,,,,2017-11-07,,,,3636.0,3636.0,,,,
60375793-60cf-4e6b-9518-f2ec2eaf2383,Maine,,KATES BAKERY & CAFE LLC,,,,2017-11-15,,,,100.0,,,,,
315fc374-57ed-4ad7-89c1-9caf9bd5feac,Maine,,AUGUSTA ESTATES LIMITED PARTNERSHIP,,,,2017-11-17,,,,2840.0,2840.0,,,,
82007378-6bc7-40b6-8461-72681b12c4f8,Maine,,SANFORD SCHOOL DEPT,,,,2017-11-21,,,,1707.25,,,,,
9e523d66-66b3-4f87-8676-1ce12143cc58,Maine,,MATTHEW SHAW,,,,2017-12-01,,,,4355.47,4355.47,,,,
f6174214-c2a5-428c-88d2-d96ae5f87bc3,Maine,,LARRYS ONE STOP,,,,2017-12-14,,,,139.75,139.75,,,,
ca82d057-bc58-4af1-8a88-ce6aaf8757be,Maine,,BUFFALO WILD WINGS,,,,2017-12-21,,,,919.35,919.35,,,,
cb475aab-0aa2-4afe-8421-ec92ca48a3c3,Maine,,"NORTHERN LIGHTHOUSE INC, THE",,,,2017-07-17,,,,870.19,870.19,,,,
e7ff86fe-7da5-4db5-9009-7cd7f8810b87,Maine,,NEW MEADOWS ABATEMENT INC,,,,2017-08-29,,,,14871.48,14871.49,,,,
cd5b4301-75a9-4bed-8d69-1eb823ee77e8,Maine,,Perry Distribution LLC,,,,2017-09-01,,,,200.0,200.0,,,,
197bd7bd-a3a9-4897-86e9-78f0a8aeb4ef,Maine,,UNIVERSAL PROTECTION SERVICE L,,,,2017-09-27,,,,936.86,,,,,
a878a038-dfaa-443d-902f-5736e0daaa7f,Maine,,UNIVERSITY OF MAINE SYSTEMS,,,,2017-10-13,,,,3367.0,3367.0,,,,
46311bc8-4e00-4206-9590-556c2200d499,Maine,,AROMA JOES LLC,,,,2017-12-04,,,,255.12,255.12,,,,
827abfb8-2fec-4e22-b474-bb1e1251abbb,Maine,,OAK GROVE NURSING CARE CENTER,,,,2017-12-14,,,,265.0,265.0,,,,
3d2640d0-2bdd-4336-9116-772c8ab41ed0,Maine,,Worcester Wreath Company,,,,2017-12-15,,,,53.94,53.94,,,,
78cee0e1-915f-4fdc-aaa8-27ffc87e8525,Maine,,RICHEN MANAGEMENT LLC,,,,2017-12-19,,,,82.4,82.4,,,,
c5eac6cc-916a-4055-bd51-0e8183dd1350,Maine,,Professional Home Care Specialists LLC,,,,2017-12-27,,,,169.0,169.0,,,,
97cb4801-1839-41d5-ae91-7d92fe58ae86,Maine,,KNIGHT PROPERTY SERVICES LLC,,,,2017-12-28,,,,426.42,426.42,,,,
7a8d3417-7b93-4209-a4cb-4f8f08f326bb,Maine,,ART OF AWARENESS INC,,,,2018-01-09,,,,870.0,870.0,,,,
a5893a62-7c97-42a5-bf45-e3f3dd80f977,Maine,,CORINNA MURPHY,,,,2018-01-09,,,,4934.5,4934.5,,,,
b1924adf-2808-49fd-afed-0bfbe62ad4eb,Maine,,IN HOME SENIOR SERVICES INC,,,,2018-01-10,,,,33.75,33.75,,,,
dd6ecfe4-8a63-44b7-b30f-c9583d90dd86,Maine,,KNIGHT PROPERTY SERVICES LLC,,,,2018-01-10,,,,104.94,104.94,,,,
389c6adc-50b0-4e36-8e98-a32bf5cbe3ac,Maine,,Hilltop Superette,,,,2018-01-19,,,,43.0,43.0,,,,
af75539c-1fec-47e2-84e6-e973b55c2710,Maine,,OM SHIV SHAKTI CORP,,,,2018-01-19,,,,5000.0,5000.0,,,,
88fdde04-0239-4f9e-ae21-14b99b13f510,Maine,,COUNTRY PRIDE CLEANING SERVICE,,,,2018-01-23,,,,500.0,500.0,,,,
3df5dc20-3959-4d16-844b-65bfeb96a38a,Maine,,DEVIN MARSHALL,,,,2018-01-23,,,,7540.99,,,,,
5d639aef-13be-4039-8631-0e5abecc547b,Maine,,TRICO MILLWORKS,,,,2018-01-25,,,,414.35,414.15,,,,
8ea64e83-4c2e-403a-9f7c-8aa235602585,Maine,,A S & CB GOULD & SONS INC.,,,,2018-01-30,,,,664.0,664.0,,,,
c7e9d628-9f13-4bf8-8bbe-fe14a511a0be,Maine,,CAFE DRYDOCK & INN,,,,2018-01-31,,,,871.52,871.52,,,,
58d0c600-bcde-47c7-8499-a67ca186426b,Maine,,POINT 2 POINT GLOBAL SECURITY,,,,2018-02-01,,,,1381.87,,,,,
896b5fc6-00a3-486f-b1d9-b619a2bd74ba,Maine,,"DROUTHY BEAR, THE",,,,2018-02-05,,,,149.09,149.09,,,,
5deaf88a-ca8b-4efa-be0a-1c6351df8a40,Maine,,OFF ROAD CONSTRUCTION,,,,2018-02-07,,,,740.0,740.0,,,,
fc71064f-e4d3-496d-a283-75cbcdee0796,Maine,,PORTLAND POTTERY CAFE,,,,2018-02-07,,,,413.09,413.09,,,,
403fe545-0abf-45c9-aa7f-86bf166c249b,Maine,,A C HOTEL,,,,2018-02-07,,,,646.0,646.0,,,,
965ada0a-9cba-4fa3-8279-ec2a849192bf,Maine,,DUNKIN DONUTS,,,,2018-02-20,,,,625.25,,,,,
fb4e668e-5792-4e78-92a0-66bff1e628c7,Maine,,LIBERTY BAY RECOVERY CENTER,,,,2018-02-23,,,,4804.78,4799.44,,,,
cc84c20b-2cb3-4ff1-a5d0-97e734953a2a,Maine,,FOUR SEASONS CAFE,,,,2018-02-27,,,,1270.48,1270.48,,,,
5ce99b73-aedf-44d0-b307-c260422abafa,Maine,,MAINE ENVIRONMENTAL LLC,,,,2018-02-27,,,,425.0,425.0,,,,
0513549a-951a-409c-85be-63cda6506b79,Maine,,INN AT DIAMOND COVE LLC,,,,2018-02-27,,,,1438.38,1438.38,,,,
b3a82e06-9080-49ac-9078-260ce54736d8,Maine,,BLUE SCHOOL INC,,,,2018-02-28,,,,120.0,120.0,,,,
bf5962d6-4f0f-4b3c-a0c3-b4ce11688da3,Maine,,ANTHONY F CAPODILUPO,,,,2018-03-01,,,,772.5,,,,,
e27f1524-5776-4c8d-9a03-9686d55f276d,Maine,,BEANE CONSTRUCTION & PROPERTY,,,,2018-03-05,,,,5829.76,5829.71,,,,
59fbae57-600a-4b7b-97ee-6e66e4762782,Maine,,PAPA JOHN'S PIZZA,,,,2018-03-05,,,,703.89,703.89,,,,
ca5b96a9-0518-4fe0-99ac-188d14f505e0,Maine,,Friendship Lobster Co-Op,,,,2018-03-05,,,,610.89,,,,,
5773af7c-990b-4a38-a530-61fdcfabfdb9,Maine,,SERVICEMASTER CONTRACT SERVICE,,,,2018-03-06,,,,150.0,150.0,,,,
ec2a8bff-39c0-4a00-aece-e114d19da2df,Maine,,CARING HANDS OF MAINE,,,,2018-03-12,,,,80.0,80.0,,,,
a4dd1a25-c414-4f4b-a5bc-a751e9f0f0eb,Maine,,FROSTYS DONUTS LLC,,,,2018-03-14,,,,620.0,620.0,,,,
4014780d-38f2-470f-b44a-222a5a64ffc0,Maine,,TODD PURINGTON,,,,2018-03-14,,,,378.0,378.0,,,,
a11681a9-0475-41d9-ae53-2bcaf20f9f85,Maine,,BSG INC,,,,2018-03-14,,,,650.0,,,,,
a40764ce-8357-4b19-8aaa-528f8a8eed1c,Maine,,MIKE PAUL FOUNDATION INC,,,,2018-03-15,,,,237.0,237.0,,,,
f28cc254-1afd-49d9-b746-472a446293ec,Maine,,GROUNDTECH EARTHWORKS,,,,2018-03-22,,,,6000.0,,,,,
bec0abb2-7af7-482c-bc91-2d3e04d727ab,Maine,,LAKESIDE CONCRETE CUTTING INC,,,,2018-03-30,,,,175.5,175.5,,,,
4aebafcf-dd1d-4b2c-9fd0-22f65912fa42,Maine,,WOOD FINISH PLUS,,,,2018-03-30,,,,885.0,885.0,,,,
2c01d4d8-8cfd-4b66-a990-e0d48e49e1bd,Maine,,BIDDEFORD PAINTING,,,,2018-04-02,,,,607.5,,,,,
65c1f503-0716-4364-ad01-0e68f027c517,Maine,,AV Technik,,,,2018-04-03,,,,360.0,360.0,,,,
da800d57-8c55-42b9-adf5-8f47722196c6,Maine,,CHANGE OF SEASONS LANDSCAPING,,,,2018-04-05,,,,480.0,480.0,,,,
d0a7fe69-e362-40dd-98df-daceeffa1c8a,Maine,,Main Street Grocery,,,,2018-04-05,,,,515.2,515.2,,,,
e973b58c-23a6-46f4-87c7-f06c52eb3786,Maine,,East Coast Shelter Clinic,,,,2018-04-10,,,,375.0,375.0,,,,
909df764-dc0c-416d-b035-ef54d458e257,Maine,,C SALT GOURMET MARKET,,,,2018-04-11,,,,172.0,174.0,,,,
c6d16e22-43b9-4f19-bd7d-8ddf63d43e3d,Maine,,Family Dollar,,,,2018-04-11,,,,524.96,524.96,,,,
bc7e635e-a597-4cf8-815b-79829f8e0067,Maine,,J.T. HICKS & CO,,,,2018-04-17,,,,505.05,505.05,,,,
455c3dd3-c5ed-45b8-b1e9-b0c5f11629c0,Maine,,TEDD LAIT POST #75,,,,2018-04-23,,,,1000.0,1000.0,,,,
96244d6d-5d60-4d54-86d9-feb0693ca44a,Maine,,LUCINDAS DAY SPA INC,,,,2018-04-24,,,,222.6,222.6,,,,
50c87133-d51e-4153-9d04-988644f41bb4,Maine,,FIELDINGS OIL CO INC,,,,2018-05-03,,,,460.75,470.75,,,,
78c07922-ce35-4daf-af55-c709b47034ac,Maine,,CINTAS CORPORATION NO 3,,,,2018-05-04,,,,108.0,108.0,,,,
199bfd6c-31df-4972-b019-76e0123335dc,Maine,,SODEXO INC,,,,2018-05-07,,,,514.55,60.75,,,,
44ac3b69-31db-493c-9140-f7f8ca76e7dc,Maine,,Advance Health Network,,,,2018-05-08,,,,591.8,,,,,
40d20b81-828c-4faa-b24e-9620d32a6da9,Maine,,FREEDOM FIRE PROTECTION INC,,,,2018-05-14,,,,672.0,672.0,,,,
bf64caaf-6bb2-4d02-8ed1-cfbd676bb34e,Maine,,SALMON FALLS ANIMAL HOSPITAL,,,,2018-05-14,,,,207.94,,,,,
25b765d7-e43e-4a48-94f6-ffb0aae26118,Maine,,LEGAL EASE LLC PA,,,,2018-05-15,,,,21827.5,,,,,
c331a6c2-b9e4-4e97-857d-7e2de204a7ed,Maine,,ANDOVER GENERAL STORE INC,,,,2018-05-22,,,,300.0,,,,,
b1a22064-a33d-456c-aedc-7fd34a48e912,Maine,,DODGE OIL CO INC,,,,2018-05-24,,,,1076.64,1058.0,,,,
ab2ce73a-29c6-4d84-ae39-0918a2809b8a,Maine,,ROOST CAFE AND BISTRO,,,,2018-05-30,,,,77.63,77.63,,,,
85430e4e-767a-4788-b76b-87b9331b2d05,Maine,,CAMBRIDGE MARINE CONSTRUCTION,,,,2018-05-30,,,,2000.0,,,,,
7d72357f-92df-48e6-996b-b7ab57094ce4,Maine,,RGIS,,,,2018-05-30,,,,138.0,138.0,,,,
c284c52d-6124-4345-b285-aa1b16394713,Maine,,BIG ROCK TRANSPORTATION LLC,,,,2018-06-01,,,,160.0,160.0,,,,
54bfe2aa-f354-44f6-a5ca-68418436e03f,Maine,,Fedcap Rehabilitation Services,,,,2018-06-04,,,,1237.77,1237.77,,,,
871d0087-00f4-4fe7-a862-a3dd8e8ba836,Maine,,Garys Olde Towne Tavern,,,,2018-06-04,,,,278.19,278.19,,,,
b736f00e-3f1b-4790-8def-48de83ac1f5c,Maine,,EXECUTIVE INN,,,,2018-06-07,,,,149.75,149.75,,,,
cdbe14a3-38df-414a-a410-5337ea3793ff,Maine,,DEREK LEONARD,,,,2018-06-11,,,,352.71,352.71,,,,
127654a8-229e-4e46-bb02-53c04bb7e2b6,Maine,,RECOVER TOGETHER INC.,,,,2018-06-12,,,,4817.35,4817.35,,,,
15f1241b-7f24-42ec-bfbf-db5bbc090069,Maine,,Chez Helen,,,,2018-06-12,,,,221.44,221.44,,,,
39cd69fc-72ac-4a52-8873-b3053941968e,Maine,,MAINE AUTO SERVICE,,,,2018-06-12,,,,663.0,663.0,,,,
1a014104-f9f8-4091-b761-54c2e7e4f6b5,Maine,,TBA INC,,,,2018-06-14,,,,27.5,27.5,,,,
315d6e48-cc60-4622-b19b-b16e55f60795,Maine,,CORINNA MURPHY,,,,2018-06-20,,,,630.0,630.0,,,,
c60bfc90-1757-4412-af5a-35a237cced0f,Maine,,Kobe Garden,,,,2018-06-25,,,,4400.0,4400.0,,,,
71c00840-28e7-4b4c-ac63-5282516a8643,Maine,,START TO FINISH CLEANING,,,,2018-06-26,,,,198.0,198.0,,,,
3b55da01-5759-4bed-8011-20fe612e9506,Maine,,"LAW Calibration, LLC",,,,2018-07-03,,,,562.05,656.25,,,,
b0259404-5949-422b-aa8b-d0ce74a6e578,Maine,,HOPE ASSOCIATION,,,,2018-07-09,,,,308.17,308.17,,,,
bba040c6-a82a-4a43-8265-8b3a356907aa,Maine,,ELM TREE DINER,,,,2018-07-16,,,,8360.95,7923.71,,,,
5f1e2eab-c3dd-4e34-adc8-6e5e07633747,Maine,,J.T. HICKS & CO,,,,2018-07-16,,,,1570.37,1570.37,,,,
e5ed1183-6a9a-42c2-b3cc-a7d505b421c2,Maine,,Maine Media College,,,,2018-07-17,,,,3609.38,3609.38,,,,
19bc0b56-c701-4b72-9a28-251c702bfbc8,Maine,,BUNKERS WHARF I LLC,,,,2018-07-17,,,,364.56,364.56,,,,
36a6af04-3b19-4023-a1e2-c162de026a2c,Maine,,Kilcollins Construction,,,,2018-07-18,,,,704.15,704.15,,,,
17db08c7-0d17-4456-a417-58aebaf2d9ee,Maine,,TEMP SETTERS MECHANICAL CONTRA,,,,2018-07-18,,,,1594.13,1594.13,,,,
0c2c626d-70ac-4f98-8bda-d281c0b809d9,Maine,,CHASE CUSTOM HOMES & FINANCING,,,,2018-07-18,,,,5824.0,5824.0,,,,
54ff0ff7-606d-4752-a7a7-512bb39235e0,Maine,,FAIRGROUNDS PIZZA & PUB LLC,,,,2018-07-23,,,,866.44,866.44,,,,
5809a66a-4170-45d3-bc65-9d009de1b582,Maine,,JM CHEN LLC.,,,,2018-07-23,,,,1582.5,1582.5,,,,
4bd688b0-9c0c-4290-b7a7-e9c3f1883efd,Maine,,COPP EQUIPMENT LLC,,,,2018-07-24,,,,584.45,584.45,,,,
dd07bb04-a959-49ed-af21-45dc2378f5ea,Maine,,BACKSTREET INC,,,,2018-07-24,,,,7896.42,274.38,,,,
263f4ae1-e148-49b7-8723-8af1086e5f67,Maine,,WISCASSET FORD,,,,2018-07-24,,,,672.0,672.0,,,,
2b6ff24b-1503-4132-baff-b6b405f1a229,Maine,,AROMA JOES,,,,2018-07-27,,,,20.0,0.0,,,,
708d0548-64d6-4af8-a856-b5e41849e4a0,Maine,,MOTEL 6,,,,2018-07-30,,,,141.8,141.8,,,,
9aaa4149-c0f1-4f2c-893a-6b05a7ebf866,Maine,,MANCHESTER FAMILY HEALTH,,,,2018-08-01,,,,1722.26,,,,,
3a60657a-e02b-4d7d-b627-db34374bac24,Maine,,J S L INVESTMENTS,,,,2018-08-03,,,,315.56,315.56,,,,
ef6182f1-e86b-4363-a5e6-46f13435bfb6,Maine,,TIDE POOLS LEARNING CENTER,,,,2018-08-06,,,,705.0,705.0,,,,
4e93d373-0012-4b54-92a4-9de611796363,Maine,,Peace of Mind Oppourtunity Ser,,,,2018-08-07,,,,140.95,140.95,,,,
92d7d047-38fc-4b44-9f93-fe659e5eff99,Maine,,New England Golf and Tennis Camp,,,,2018-08-08,,,,1250.0,1250.0,,,,
86194d95-afb6-42a3-81de-44ebe33a63e1,Maine,,LEAPS AND BOUNDS LEARNING CENT,,,,2018-08-09,,,,350.0,350.0,,,,
5820db1d-169c-48b5-bb4d-29f37296b214,Maine,,JPK INC,,,,2018-08-10,,,,346.5,346.5,,,,
e6d20afd-f8d8-495a-98de-0958a9cc1abb,Maine,,RSU 10,,,,2018-08-14,,,,2775.99,2775.99,,,,
06547e8f-879a-4710-b5f1-73bc4d7b78ce,Maine,,Cpm Constructors,,,,2018-08-17,,,,885.77,885.77,,,,
f120f654-d851-4316-977f-b67fec4e07b7,Maine,,RICHEN MANAGEMENT LLC,,,,2018-08-22,,,,70.0,70.0,,,,
8dedc9fe-76ed-4199-94e2-36fbca314902,Maine,,RUBYS RESTAURANT,,,,2018-08-30,,,,690.0,690.0,,,,
0497f6b8-3f21-4bd6-91f4-e6b7be0bbe18,Maine,,ABC BEHAVE LLC,,,,2018-09-07,,,,141.75,141.75,,,,
8c60774f-5d3c-4b1c-aec9-58e5a8d48ced,Maine,,Owen's Farmhouse,,,,2018-09-07,,,,143.0,143.0,,,,
44b61001-d676-40b7-a8b6-7d5c10d77a76,Maine,,MAINE TOOL & MACHINE LLC,,,,2018-09-21,,,,1137.5,1137.5,,,,
66a5a037-ccc5-4f09-8a1a-056ba17564d5,Maine,,CAIT ENTERPRISES,,,,2018-09-21,,,,360.44,360.44,,,,
7b02731b-563e-40b0-9f82-ac243553b25f,Maine,,BURGER KING,,,,2018-09-25,,,,330.0,330.0,,,,
542ef5e2-f48d-49ea-ab6d-78dbdfb69b21,Maine,,DATA MARKETING SOLUTIONS INC.,,,,2018-09-25,,,,4588.12,4588.12,,,,
0fbb68c4-12e2-40c1-a0ed-b2d805ae67fb,Maine,,Pineapple Express Cleaning,,,,2018-09-27,,,,198.0,,,,,
223875e4-e74e-46a0-87e2-0b444d6ec8e2,Maine,,CHASE CUSTOM HOMES & FINANCING,,,,2018-10-04,,,,2184.0,2184.0,,,,
92bb288b-f546-4e22-8019-625d67f25913,Maine,,INCOMER MAGAZINE LLC,,,,2018-10-10,,,,600.0,600.0,,,,
c559b81a-2f2f-42de-a9f6-702df47f4d03,Maine,,BJS WHOLESALE CLUB,,,,2018-10-16,,,,592.5,592.5,,,,
6f666762-1ecc-4415-a4b1-21aca1da2fc3,Maine,,Rotary Pizza,,,,2018-10-17,,,,650.0,650.0,,,,
ae779f66-ecd7-4ab5-a680-cc2c5011be12,Maine,,OARWEED RESTAURANT,,,,2018-10-18,,,,25296.44,25296.44,,,,
13323fcb-f280-4db3-8738-42fcb4765039,Maine,,POPEYES LOUISIANA KITCHEN,,,,2018-10-19,,,,492.0,492.0,,,,
343fcb00-aa7d-4ea7-942e-1b38ab0fbe56,Maine,,NORTH COUNTRY STEEL INC.,,,,2018-10-19,,,,5677.01,5677.01,,,,
b0f298c8-8a40-4773-814c-2d9adc4dd255,Maine,,H A BAILEY LUMBER CO,,,,2018-10-19,,,,2496.0,2496.0,,,,
35525db2-2261-4aa3-b079-89e66ed20031,Maine,,PEOPLEREADY INC.,,,,2018-10-30,,,,96.0,96.0,,,,
92da9f06-6501-44ce-8887-6ebec07fc519,Maine,,SYLVAIN & SEVIGNY BUILERS INC,,,,2018-11-01,,,,806.0,806.0,,,,
e7c06c3e-c296-4808-b493-4754f1d50e20,Maine,,Daves World Inc,,,,2018-11-05,,,,3433.23,3433.23,,,,
ed629bba-d68b-4e45-a4cf-43bff9614a65,Maine,,SAVILINX LLC,,,,2018-11-14,,,,2500.0,2500.0,,,,
979ba43b-c80a-40b8-bbdf-598795c5db9e,Maine,,LAFAYETTE BAR HARBOR LLC dba Looking Glass,,,,2018-11-14,,,,4180.0,4180.6,,,,
9f9c084d-e1c9-4611-9aa9-5d1df51c01c1,Maine,,A H GROVER INC,,,,2018-11-19,,,,293.01,293.01,,,,
d84dcdd9-6fb9-4a35-aacb-fe0b0940c6ed,Maine,,El Ancla,,,,2018-11-26,,,,1398.03,1308.03,,,,
e99b387c-df85-456d-a50e-2e99942acbed,Maine,,Shalom House Inc,,,,2018-11-27,,,,24498.03,24498.03,,,,
e4f794b2-49ab-4d7c-b987-a61e6101559a,Maine,,FAMILY DOLLAR OPERATIONS INC,,,,2018-12-03,,,,276.0,276.0,,,,
6dc919b0-1527-48b7-9604-949cfc51a830,Maine,,COASTAL MAINE INTERNAL MEDICIN,,,,2018-12-10,,,,100.0,100.0,,,,
03170c36-46b0-4de6-8c0d-7964f5e1473d,Maine,,VANGUARD PROPERTY MANAGEMENT,,,,2018-12-10,,,,153.0,153.0,,,,
823e8712-f702-466e-9995-54acdf2f7391,Maine,,BELLA POINT INC.,,,,2018-12-12,,,,896.97,896.97,,,,
52a7ff71-581e-4f2e-a110-5ea5d548be94,Maine,,INTEGRATED SALES SOLUTIONS LLC,,,,2018-12-12,,,,62.88,62.88,,,,
a3bc6ecf-c950-4b47-b74e-613ed2dbc703,Maine,,COLLINS ENTERPRISES INC,,,,2018-12-14,,,,324.0,324.0,,,,
f1284783-465a-455b-b45a-d3c4ba30bb77,Maine,,AROMA JOES,,,,2018-03-13,,,,7267.36,7267.36,,,,
f5cc4e8f-6132-43f9-bc7e-859afe0acdb1,Maine,,PHILS SUPER VARIETY AND GRILL,,,,2018-05-30,,,,9371.94,8978.26,,,,
fd9d43c3-c5e1-4eaf-a7cb-4adef036046a,Maine,,ULTIMATE EQUITY HOLDING,,,,2018-05-30,,,,380.0,,,,,
626da878-28b2-4971-9e52-10f0bc6155ac,Maine,,HIGHVIEW CHRISTIAN ACADEMY,,,,2018-06-20,,,,8989.0,2280.0,,,,
507e37d2-b113-415b-8ab5-17b90546ef11,Maine,,MILLMARK PRODUCTS INC,,,,2018-07-03,,,,8700.0,,,,,
fd14eb9c-8f19-48e1-9339-2f1ff1109218,Maine,,MCLAUGHLIN BUILDERS,,,,2018-08-08,,,,8438.75,,,,,
1f86621c-546a-4660-be4d-6c46a767b99b,Maine,,ABEL'S LOBSTER POUND,,,,2018-08-30,,,,254.71,254.71,,,,
621c55b4-2743-4b67-8f18-939606a3022d,Maine,,LAND AIR EXPRESS OF NEW ENGLAN,,,,2018-09-25,,,,46829.0,46829.0,,,,
08db391a-8e3c-4e34-bcc4-6644b140f17c,Maine,,POIRIER CAPITAL INVESTMENT GRO,,,,2018-09-27,,,,2479.0,2479.0,,,,
9207cd18-c86a-472a-bd71-54647792c543,Maine,,CRAIGS AUTO REPAIR LLC,,,,2018-11-14,,,,1244.0,,,,,
c3c97438-fd4e-4c90-844f-530962905cac,Maine,,PILLARS COMMUNITY OUTREACH INC,,,,2018-11-14,,,,10633.95,10633.95,,,,
b02cda75-c883-4b31-bc9a-bd1c0c8fdb29,Maine,,CIVIDANES LEARNING CENTER LLC,,,,2018-11-19,,,,44.0,44.0,,,,
3824cb61-cb74-42e1-b677-8640801a3965,Maine,,EASY DAY,,,,2018-11-21,,,,320.68,320.68,,,,
7a18b7a8-06d7-46a8-b694-608e6a405fa9,Maine,,DOLLAR GENERAL CORPORATION,,,,2018-11-30,,,,413.39,413.39,,,,
20e332d0-2e4a-450d-9e2d-e96f472fe313,Maine,,ANGLEZ BEHAVIORAL HEALTH SERVI,,,,2018-11-30,,,,1109.25,1109.25,,,,
44209a73-50b1-4abe-8685-97dbb9aa5b48,Maine,,WESTCON MANUFACTURING INC,,,,2018-12-12,,,,1302.26,1302.26,,,,
88c04121-5ed6-4cdc-b12c-688134dc3ee2,Maine,,CINTAS CORPORATION NO 3,,,,2018-12-12,,,,120.0,120.0,,,,
94ba7277-0b4a-4626-bfce-e977fd10c01a,Maine,,RA MCDOUGALL BUILDER,,,,2018-12-13,,,,1000.0,640.0,,,,
9a7ecb09-b9b0-4f79-ba2d-397f9c95ee5e,Maine,,BIG ROCK TRANSPORTATION LLC,,,,2018-12-14,,,,843.04,843.04,,,,
4dd34b6d-3abd-43ef-828d-fb15a72d378b,Maine,,START TO FINISH CLEANING,,,,2018-12-19,,,,730.11,730.11,,,,
e79018ba-dfd9-4eb2-a499-ac0625b6b953,Maine,,DOCK SQUARE COFFEE HOUSE,,,,2018-12-19,,,,246.18,246.18,,,,
cc84e92f-c39c-49ff-9d8f-6a7fa92c05b7,Maine,,CLEAN GREEN LLC,,,,2018-12-19,,,,4000.0,4000.0,,,,
20757bab-23fa-4c59-9f71-7d86cf9e4807,Maine,,ST MARYS REGIONAL MEDICAL CENT,,,,2018-12-19,,,,269.16,269.16,,,,
b433073a-2f7e-45fd-9a4d-13b894bd98bc,Maine,,Burke Hill Farm,,,,2019-01-02,,,,23.94,23.94,,,,
a0efb632-429d-44a0-9587-15aec49d2303,Maine,,UNITED PARCEL SERVICE,,,,2019-01-02,,,,333.79,333.75,,,,
13590d82-0dcd-46c7-ab8d-d3031173fbeb,Maine,,YE OLE GENERAL STORE,,,,2019-01-02,,,,1023.12,328.07,,,,
c43d4398-4f64-4deb-8f84-5ff381d8f127,Maine,,Irving,,,,2019-01-03,,,,88.0,88.0,,,,
ec3c9b0e-220f-43b9-997c-afaedc12d61a,Maine,,CORRECTIONAL HEALTH PARTNERS L,,,,2019-01-04,,,,1544.96,1544.96,,,,
c0485fa6-201f-4758-a515-4d086aa2a1f9,Maine,,Castle Builders,,,,2019-01-07,,,,218.1,79.5,,,,
0e172e64-dea7-4d6b-8430-ce3166e25f5b,Maine,,LITTLE ANGEL'S MAGIC CHILDCARE,,,,2019-01-08,,,,1535.5,1535.5,,,,
5ad35f62-5429-4e2a-a4d6-2b24fa799dfa,Maine,,ARTEMIS & DEAN LLC,,,,2019-01-14,,,,240.2,240.2,,,,
922537dd-3fcf-4c84-87ef-a0fea2fca34c,Maine,,Misty Meadows Farm LLC,,,,2019-01-16,,,,585.0,585.0,,,,
1e28bb7f-34ba-4d63-9948-e4ca831122de,Maine,,CARING HANDS HOMECARE INC,,,,2019-01-18,,,,120.0,120.0,,,,
9e0e9aa3-44be-4579-9c9b-7cc2b30b68f7,Maine,,JODY PROCTOR INC,,,,2019-01-24,,,,1036.0,1036.0,,,,
e505fc6e-2bf9-4f4f-8b56-82b5f3c6bf9d,Maine,,HMS HOST CORPORATION,,,,2019-01-24,,,,268.75,495.0,,,,
baa5f7f0-2503-4967-bc46-f3af2c605700,Maine,,C2C East LLC,,,,2019-01-24,,,,433.03,433.03,,,,
a4284cc9-8f75-4e22-bd7a-ee7e5592c96c,Maine,,PENOBSCOT BAY DENTISTRY PA,,,,2019-01-24,,,,9.66,9.66,,,,
904b8ad6-5ce5-4bce-8e47-45bc968d3fa3,Maine,,FAMILY FOCUS,,,,2019-01-28,,,,669.38,669.38,,,,
85c8ea3b-8454-48cc-8915-aaaf9680b8bf,Maine,,ARBY'S OF TOPSHAM,,,,2019-01-30,,,,120.0,120.0,,,,
b795852c-16fa-4c49-aa8d-6e635daa0a36,Maine,,HARRASEEKET INN INC,,,,2019-01-30,,,,1359.0,1395.0,,,,
5fc8e425-8677-42ef-8dbf-7ec8b88be61c,Maine,,JM CHEN LLC.,,,,2019-01-31,,,,4900.0,1678.75,,,,
6469f818-70cd-4dd1-b5f8-8c2de5e222af,Maine,,MAINE FAMILY FARMS INC,,,,2019-01-31,,,,150.0,150.0,,,,
f3187a8b-58ff-4499-8ea9-f6d22200442b,Maine,,PLANET RECESS EDUCATIONAL CENTER,,,,2019-02-01,,,,65.0,,,,,
44ee75cf-2a74-4aa9-a65c-81f5bc6462f0,Maine,,DAVE'S AMERICAN BUFFET,,,,2019-02-05,,,,153993.44,10867.13,,,,
b9d376c1-e83e-4ba4-bbc5-ac478b204c53,Maine,,DUNKIN DONUTS,,,,2019-02-05,,,,150.0,150.0,,,,
de0b32ed-f6e7-40ce-917e-56e09b470135,Maine,,MAC ELLIS,,,,2019-02-05,,,,2871.0,1320.0,,,,
45bae565-960f-434d-99b3-51d4502e1581,Maine,,THE WOODS AT CANCO,,,,2019-02-07,,,,2362.5,2362.5,,,,
1bab01bc-8c4e-4277-bfe2-b9e4b1c72a23,Maine,,SLEEPERS,,,,2019-02-08,,,,180.0,180.0,,,,
eb248dd7-a18d-4a2a-a888-6cefb21b349f,Maine,,TIMBERLAND TRUCKING CO INC,,,,2019-02-19,,,,280.0,280.0,,,,
4019fb43-c970-44ea-8caf-a7074a2908f2,Maine,,MIRAKUYA INC,,,,2019-02-20,,,,3447.56,3447.56,,,,
63e3c3e9-6763-4113-b30d-14b2eb07e6f8,Maine,,ALLSCRIPTS HEALTHCARE LLC,,,,2019-02-21,,,,7806.91,,,,,
d77f75ea-10f1-471e-a950-d4ba0afae618,Maine,,THE FORESTER PUB LLC,,,,2019-02-22,,,,400.0,,,,,
a2210397-0790-420f-a13f-3146ff420f58,Maine,,TIOO INC,,,,2019-02-26,,,,623.4,592.5,,,,
21e599c5-57e1-4886-b5fb-aa8c7452dd94,Maine,,33 Elmwood,,,,2019-02-26,,,,150.0,150.0,,,,
726f1897-3d00-4d20-8217-247d28e8ee4a,Maine,,HUB INTERNATIONAL NEW ENG LLC,,,,2019-02-26,,,,996.7,979.78,,,,
e9a12e8d-a97c-4531-8044-30e7f6bef242,Maine,,"SHED HAPPENS, INC",,,,2019-03-05,,,,5600.0,846.5,,,,
57a34758-e402-4abd-80ba-07df335ed02a,Maine,,THE TURTLE RESTAURANT,,,,2019-03-07,,,,542.67,531.83,,,,
ef25b5a7-7e81-4e49-9fd0-bc72b18bf1bf,Maine,,YORK CHILD CARE CENTER,,,,2019-03-20,,,,132.0,132.0,,,,
b36f9a92-5d68-4dc4-86ba-4dd4bad17f0e,Maine,,Shiretown Taxi,,,,2019-03-20,,,,1822.3,1822.3,,,,
d32e81b5-7b4a-4423-968c-023b8a254bc3,Maine,,ROUTE 236 VARIETY AND GRILL,,,,2019-03-21,,,,809.0,809.0,,,,
cd79db78-cb52-4948-ac17-c3f1b21ef1bb,Maine,,Kennebec Medical Consultants,,,,2019-03-25,,,,142.41,142.41,,,,
35a5e8c8-2230-450f-af10-149b3ed0b401,Maine,,207 Tavern,,,,2019-04-01,,,,1380.0,1380.0,,,,
075ad29a-767d-41d8-90d6-579b1db0d617,Maine,,PEMAQUID HARBOR YACHTS LLC,,,,2019-04-01,,,,1326.0,1326.0,,,,
cbaa71ae-8419-4b26-9b87-bf93ef47af6c,Maine,,RAMADA WORLDWIDE INC,,,,2019-04-03,,,,36.25,35.26,,,,
1010f427-22d0-42e0-a78f-90aa28379c2b,Maine,,PILLARS COMMUNITY OUTREACH INC,,,,2019-04-10,,,,1280.0,1280.0,,,,
15bea32f-0805-4f72-931c-15af741579cc,Maine,,ANGLEZ BEHAVIORAL HEALTH SERVI,,,,2019-04-17,,,,724.87,724.87,,,,
89383e4b-2693-4fa4-b48c-65e70b0f27e6,Maine,,MERCY DIAGNOSTICS,,,,2019-04-19,,,,1622.45,1622.45,,,,
bfba064a-4b3b-4a67-9f97-40fe8716d223,Maine,,Braden Manufacturing LLC,,,,2019-04-19,,,,2487.9,2487.9,,,,
2cb20b73-f7fe-4da2-a972-c682d04f1e39,Maine,,APPLE TREE EXCAVATION,,,,2019-04-30,,,,1275.0,1275.0,,,,
a45df87a-c322-446b-9eae-a2e77c2813a1,Maine,,J & S OIL COMPANY INC,,,,2019-05-01,,,,178.75,178.75,,,,
7398c36d-9fe7-41ca-83b0-dde9b5785401,Maine,,Professional Home Care Specialists LLC,,,,2019-05-06,,,,600.0,600.0,,,,
d5b763d9-d39c-4dd0-bbe5-b1b0b122bdeb,Maine,,MILLS MARKET,,,,2019-05-07,,,,352.0,352.0,,,,
2ef63424-57ea-4c67-a9b1-784879b7d8c8,Maine,,P E OHALLORAN INC,,,,2019-05-09,,,,1380.0,1380.0,,,,
2c6a3cd2-7d20-47fc-93f4-d62da6172f6e,Maine,,RA MCDOUGALL BUILDER,,,,2019-05-09,,,,384.0,384.0,,,,
08a79326-b68f-4b9d-8ef9-89e0f728bed4,Maine,,"SEA STAR MARKET, THE",,,,2019-05-14,,,,419.85,419.85,,,,
8c3063f0-586f-4e3a-aed4-d2cae969590d,Maine,,TODD PURINGTON,,,,2019-05-16,,,,1042.0,1042.0,,,,
2e021085-7c34-44fe-a752-b672a52ef246,Maine,,GRIMMEL INDUSTRIES INC,,,,2019-05-17,,,,409.23,409.23,,,,
907c28ae-f309-4993-a2ea-808c160f641b,Maine,,NEW ENGLAND KITCHENS,,,,2019-05-17,,,,9449.0,9449.0,,,,
3ef53c85-25e2-4859-b0dd-281e78c9e4ad,Maine,,ELITE TAXI,,,,2019-05-17,,,,1012.0,1012.0,,,,
709e17cf-7c7f-4bab-ad45-644a5e01995a,Maine,,L & D Building & Remodeling,,,,2019-05-20,,,,3500.0,3500.0,,,,
d4a5c6f9-3f1d-4bdb-a764-bd9c6b2b6bc0,Maine,,MIXERS INC,,,,2019-05-29,,,,650.0,650.0,,,,
d1df8d94-517c-4f7b-913a-062c2cd9d46b,Maine,,NORTHEAST CHARTER & TOUR INC,,,,2019-05-31,,,,474.0,474.0,,,,
3aab3ecb-5ac4-4d12-9f47-f0d476b48f77,Maine,,MAS MEDICAL STAFFING,,,,2019-05-31,,,,776.4,837.8,,,,
ffe4bf39-0072-4b59-a91d-0883c67d4590,Maine,,THREE TIDES,,,,2019-05-31,,,,450.0,450.0,,,,
3005e1d0-7c87-4367-93c7-3d507957ecce,Maine,,SEQUELCARE OF MAINE LLC,,,,2019-05-31,,,,2.75,,,,,
98954fc3-769b-4ac9-b8cc-3694d32bcf40,Maine,,Dollar General,,,,2019-06-03,,,,262.5,262.5,,,,
30919aaa-5f1e-4ea8-a7d2-1954448748c5,Maine,,"THE FORREST GROUP, LA",,,,2019-06-04,,,,564.28,564.28,,,,
ff11715f-f82b-4b96-82ff-ffd35921c403,Maine,,PORTLAND POTTERY INC,,,,2019-06-04,,,,120.0,120.0,,,,
b6941cff-6072-4f46-b22c-d8813026a782,Maine,,"QUARRY TAP ROOM LLC, THE",,,,2019-06-04,,,,25.0,30.0,,,,
222fe5eb-7e88-4c0f-9378-13b9b1069ab2,Maine,,Studio E Flett Design,,,,2019-06-04,,,,71.5,150.0,,,,
b793258e-6953-4ced-916e-0f6823b5e210,Maine,,UNUM,,,,2019-06-05,,,,2866.3,2866.3,,,,
5d8dd559-f614-4c28-92d8-87ed1f3a1ae6,Maine,,MAS COMMUNITY HEALTH SERVICES,,,,2019-06-06,,,,2235.91,4246.56,,,,
20d64d66-8fe8-4dfe-a50a-3b76d6bfb40a,Maine,,SPRING FOUNTAIN STUDIOS LLC,,,,2019-06-10,,,,10138.0,121.7,,,,
7f27b923-595f-40b3-8d26-d4cb4e8a9ead,Maine,,MARKET SQUARE RESTAURANT,,,,2019-06-10,,,,276.0,276.0,,,,
f82b1656-d70e-44b5-ba1b-156dd0f726a9,Maine,,JADE GARDEN,,,,2019-06-13,,,,30282.56,29941.28,,,,
42d9fb05-d9db-4c60-9f43-d6624ab5de11,Maine,,"SHED HAPPENS, INC",,,,2019-06-18,,,,231.25,231.25,,,,
49a9441a-2a13-4a19-af76-685e0bb595e0,Maine,,Cafe Nomad  ,,,,2019-06-21,,,,372.9,372.9,,,,
3b2e9a9a-a1f9-4abc-9f29-fbc8cb8ec4a3,Maine,,TAMMARO LANDSCAPING & PROPERTY,,,,2019-06-21,,,,322.5,322.5,,,,
e00227d8-aa73-443d-a5a2-539fe2fdd473,Maine,,ANTHROPOLOGIE INC,,,,2019-06-25,,,,55.87,55.87,,,,
1579c705-f9d1-4845-8305-dbc86886dc56,Maine,,SACO RIVER DYEHOUSE,,,,2019-06-27,,,,6037.8,2960.0,,,,
973e3ef6-7b35-458c-be79-23c42cb41851,Maine,,PRATT & WHITNEY AIRCRAFT GROUP,,,,2019-06-28,,,,3256.0,,,,,
0276af5e-c504-4e18-9fbb-839fd8a0213c,Maine,,Glenn's Place,,,,2019-07-01,,,,4185.76,2232.12,,,,
a5b0c409-9da4-4503-8f4e-3550b4fd9314,Maine,,Ocean Properties LTD,,,,2019-07-08,,,,875.0,875.0,,,,
1d521652-342f-49bd-81ba-8497c3cae88d,Maine,,Superior Trucking inc,,,,2019-07-08,,,,7912.25,,,,,
89435454-9cbf-477f-9caa-c95e98a872b6,Maine,,Wolfden Resources,,,,2019-07-09,,,,1451.25,1451.25,,,,
5db6ae83-a773-4e06-834e-6fae26696948,Maine,,PARAGON SALON & SPA,,,,2019-07-10,,,,180.0,180.0,,,,
bd078b0b-5d71-4beb-a775-d6418e89bf0c,Maine,,FLUX RESTAURANT LLC,,,,2019-07-10,,,,3482.12,,,,,
1a0b64ee-86fb-4eef-88cf-89dee34e0851,Maine,,LOCAL FOOD 1 LLC,,,,2019-07-10,,,,495.6,495.6,,,,
85b7928e-03b4-4e10-a26a-4f548d2d1409,Maine,,MADISONS CAFE LLC,,,,2019-07-10,,,,216.67,216.67,,,,
a69ad1e1-b025-447f-aafa-f880552e5150,Maine,,"UPPER DECK SWH LLC, THE",,,,2019-07-10,,,,315.0,315.0,,,,
2006e3a9-284b-45a6-be59-90b313c71967,Maine,,Big Dog Sports Bar & Grill,,,,2019-07-12,,,,1000.0,1000.0,,,,
1ea8bb33-f469-4f9f-be1b-09170dcbc05b,Maine,,The Meeting House,,,,2019-07-15,,,,1247.23,1247.23,,,,
278b43d2-2e8d-4083-83ee-b7f81aa4d2c1,Maine,,The Handymen,,,,2019-07-17,,,,610.0,610.0,,,,
78308086-778f-4f9f-bb1d-a8937c33032a,Maine,,TERRACE BY THE SEA AT OGUNQUIT,,,,2019-07-17,,,,85.0,85.0,,,,
dfbe9d59-c52b-487a-b56c-51359967ed71,Maine,,BILL'S PROPERTY MAINTENANCE IN,,,,2019-07-23,,,,1360.0,1360.0,,,,
75cdd5ce-580b-407a-963b-c5fb93ecfeb4,Maine,,KENNEBEC VALLEY FAMILY DENTIST,,,,2019-07-23,,,,349.54,349.54,,,,
a77f6d9b-0ca8-4cf0-af62-7ab12c0424f7,Maine,,SILLYS,,,,2019-07-23,,,,44.0,44.0,,,,
128b5f2b-433f-4fa8-b86b-12b05ca33292,Maine,,FALLS POINT MARINE INC,,,,2019-07-23,,,,820.0,820.0,,,,
10582c49-c63a-4671-b6c7-43bc4e1cd1f6,Maine,,CONSTRUCTION SYSTEMS OF NEW EN,,,,2019-07-23,,,,544.0,544.0,,,,
71c39fd7-7809-4c44-8573-471abaab5604,Maine,,OCEANVIEW AT FALMOUTH,,,,2019-07-29,,,,2128.75,2128.75,,,,
03e59dbd-ef29-4e74-aec7-3f219d7c74ac,Maine,,ATWOOD LOBSTER LLC,,,,2019-07-30,,,,4326.92,4326.92,,,,
a71bb3de-e054-453e-a46a-6e211c75d8cf,Maine,,Steuben Country Store,,,,2019-07-30,,,,3891.72,3891.72,,,,
06e29d97-63e1-4bb1-b7f3-45f8d9790011,Maine,,GARLAND MFG COMPANY,,,,2019-07-31,,,,3027.72,2999.99,,,,
1381cb4d-4056-4cc5-a071-19afe3a97923,Maine,,"CARRIER TRUCKING INC, RICHARD",,,,2019-08-06,,,,125.0,125.0,,,,
59e4173b-c5f0-4800-bbdc-80860ec5b995,Maine,,FAMILY DOLLAR INC,,,,2019-08-07,,,,25.0,25.0,,,,
e8549120-e5a1-4af3-a43b-0c474af99940,Maine,,Chopstick Sushi,,,,2019-08-07,,,,4135.93,4135.93,,,,
eca7d495-346a-487e-8be6-f96766bba174,Maine,,"Howard, Warren",,,,2019-08-08,,,,736.0,,,,,
b1f5afbc-d6ae-4bdf-9131-362b317674b6,Maine,,DENNIS PAPER & FOODSERVICE,,,,2019-08-09,,,,11957.49,951.69,,,,
01f21eb1-ba38-4712-ab5e-6b65a49c9819,Maine,,BANK OF AMERICA NA,,,,2019-08-13,,,,667.0,667.0,,,,
1aca4cd6-3d6b-468f-8dde-8f9fb69a2bab,Maine,,NATURE'S MIRACLE,,,,2019-08-14,,,,173.8,173.8,,,,
535cf89d-a027-43bc-aba3-7fc72e5c318e,Maine,,CAMDEN NATIONAL BANK,,,,2019-08-14,,,,786.48,786.48,,,,
6cf9360b-be15-46e7-aa95-e8a30fb253d5,Maine,,DUNKIN DONUTS,,,,2019-08-19,,,,348.54,348.54,,,,
3eb471c2-d6a3-4a5c-a9c0-cfc299cd0605,Maine,,TEAM PRIOR INC,,,,2019-08-20,,,,298.0,298.0,,,,
1ae89030-156b-41a6-a503-0af502fbd121,Maine,,HARBOUR TOWNE INN INC,,,,2019-08-20,,,,3825.0,3825.0,,,,
6c9b7aca-c3d6-4824-b9d7-804f4c8ede42,Maine,,HOMETOWN FUELS INC,,,,2019-08-20,,,,565.5,565.5,,,,
34409e1d-6461-427a-af76-be387f34876d,Maine,,VETS SECURING AMERICA,,,,2019-08-23,,,,2595.6,,,,,
7ef14573-9f9a-4de7-ab65-7abfb9be2997,Maine,,"SPECIAL PLACE INC, A",,,,2019-08-27,,,,1231.25,1231.25,,,,
be7f0cc1-dc77-4d88-b5d5-f2f591862763,Maine,,Mi Sombrero,,,,2019-08-27,,,,2651.0,,,,,
be6827ce-f402-4a4e-9b18-f541a8c9c2e8,Maine,,GIBRAN GIFTS,,,,2019-08-29,,,,303.77,303.77,,,,
99fd7635-3375-432f-b19c-3cfa0969cdc1,Maine,,RIVERSIDE KWIK STOP,,,,2019-08-29,,,,664.08,664.08,,,,
e8d22728-95b3-465e-b75f-f427dabd36bd,Maine,,HAPS CLEANING SERVICE (ADRIENNE Hapsgood),,,,2019-09-05,,,,550.5,550.5,,,,
885c17bd-d4f3-4df9-b9a9-f4df0ae58e1d,Maine,,PAGEMPLOYMENT,,,,2019-09-05,,,,222.1,222.1,,,,
d3b80d74-d05a-4bfe-b2ca-0caf06154cd7,Maine,,RIVERSEDGE CHIROPRACTIC WELLNESS CENTER,,,,2019-09-05,,,,40.13,40.13,,,,
0cfd1d9f-9a10-4a9b-868f-0eab0ffd8d87,Maine,,CROSSROADS CASE MANAGEMENT LLC,,,,2019-09-09,,,,258.96,258.96,,,,
ce752caf-00d0-4b51-98d7-2d7477863599,Maine,,OCEANIC INN INC,,,,2019-09-11,,,,1000.0,1000.0,,,,
def21d04-e635-493c-8fe2-d6726b3c58a6,Maine,,Carriage House Mortgage Compan,,,,2019-09-16,,,,5708.46,5708.46,,,,
73288357-e370-4bbd-9219-237789089633,Maine,,Gammon Lawn Care,,,,2019-10-01,,,,365.0,,,,,
9d546e23-d59f-450f-bd2e-461915bb0b84,Maine,,ROCKPORT GRANITE INC,,,,2019-10-04,,,,14.0,28.0,,,,
807aa623-672d-44b7-9c70-1829685ca5fc,Maine,,JOHN MATHON,,,,2019-10-08,,,,637.5,637.5,,,,
905b3c11-6e64-4ea4-af48-8c8789e8dec0,Maine,,OAKLAND HOUSE OF PIZZA,,,,2019-10-08,,,,765.0,765.0,,,,
d2e70458-5705-4844-8571-f373a6e1e365,Maine,,VEHICLE WASH SYSTEMS,,,,2019-10-09,,,,99.96,99.96,,,,
3580a36a-044e-4214-986a-32db7323327c,Maine,,IRONWOOD MAINE LLC,,,,2019-10-10,,,,700.0,,,,,
d8ac019a-173f-478a-8a1a-078a61adb05c,Maine,,FROSTYS DONUTS LLC,,,,2019-10-15,,,,1420.0,1420.0,,,,
f4732e07-063f-480b-b367-e47c71515850,Maine,,Advanced Construction of Maine,,,,2019-10-28,,,,77.0,77.0,,,,
e5c79d03-dbc6-4b67-9bcf-eb99708f78c4,Maine,,Queen City Inn,,,,2019-10-28,,,,1316.53,1316.53,,,,
78d74c5f-9e62-4cdb-9237-ed9de706d847,Maine,,SHAW'S WATERVILLE,,,,2019-10-29,,,,305.49,305.49,,,,
48c5b5a5-b04e-448d-8f29-7305e2615484,Maine,,STOCKHOUSE RESTAURANT & SPORTS,,,,2019-10-31,,,,792.72,792.72,,,,
0a99619d-af93-4e39-97aa-593066846fd7,Maine,,LOVESHACK JUICERY,,,,2019-11-12,,,,836.0,863.0,,,,
5fb95c9e-b7d4-450e-82f0-f2cc76d3afa9,Maine,,THE HEALTHY CANNABIS COMPANY,,,,2019-11-13,,,,122.95,122.95,,,,
cad76820-9926-46c5-8dd8-b31a9a3898e4,Maine,,HILLCO SPECIALTIES INC,,,,2019-11-14,,,,400.0,,,,,
9ba9d773-7b46-4cdb-bb7a-f60c8b295df7,Maine,,Frosty's Donuts,,,,2019-11-14,,,,526.42,,,,,
bbcba461-5f23-42e8-a8af-7bb55688fab9,Maine,,American Lighthouse Foundation,,,,2019-08-28,,,,412.5,412.5,,,,
9fdcf506-edba-4aa0-831c-c085cd85d3aa,Maine,,"TYLER, JOSEPH W",,,,2019-11-20,,,,330.63,330.63,,,,
9cdea771-f14f-46e9-bf62-4c795bf72812,Maine,,Jimmy's Rentals,,,,2019-12-02,,,,375.0,375.0,,,,
3f3efb75-5818-4110-91a4-08641b98e6d4,Maine,,LAND AIR EXPRESS OF NEW ENGLAN,,,,2019-12-13,,,,220.0,220.0,,,,
2c62e770-e20a-4caf-a4ed-ad86c2fb6dfd,Maine,,Veranda Noodle bar,,,,2019-03-18,,,,1144.0,659.0,,,,
d25cb7ee-6a11-43f5-897e-0ac66c90cbea,Maine,,"RUN OF THE MILL PUBLIC HOUSE,",,,,2019-09-05,,,,4699.02,2138.55,,,,
17084835-2567-4987-b612-e93429e41180,Maine,,DIESEL DIRECT INC,,,,2019-09-13,,,,2400.0,36.0,,,,
47c73124-cc0c-4c61-85ca-39c5030aaa3a,Maine,,APPALACHIAN TRAIL CAFE,,,,2019-10-01,,,,1909.0,1909.33,,,,
c0c1a946-4fc1-417a-bad9-ea80b2d51a79,Maine,,SAN MARINO LLC,,,,2019-10-09,,,,207.27,207.27,,,,
2af129df-a4ed-4c5c-8e7e-e087013a455e,Maine,,Charlies Seafood Restaurant & Lounge,,,,2019-10-18,,,,220.0,220.0,,,,
f75a4bf8-de2b-4e62-862d-78dc5b03752f,Maine,,Freeport Inn,,,,2019-10-28,,,,948.25,,,,,
87691532-3dcc-43c5-8348-54b377f404b1,Maine,,BIDDEFORD SCHOOL DEPARTMENT,,,,2019-10-29,,,,18963.32,18273.81,,,,
e8e4c63e-df4e-433a-ba02-a6a8c4a6414e,Maine,,The Hollow of Maine,,,,2019-11-06,,,,1428.0,1428.0,,,,
ead52873-8b82-4e80-933d-1e3020623774,Maine,,PIERCING PAGODA,,,,2019-11-18,,,,226.92,226.92,,,,
6fa8aa86-8965-4d9b-96be-83d80989160b,Maine,,PLEASANT STREET DENTAL,,,,2019-11-20,,,,396.0,396.0,,,,
faf1fb51-56a5-4bdf-9336-a20e49a75a73,Maine,,AMBULANCE SERVICE INC,,,,2019-11-22,,,,9311.5,9311.5,,,,
54191e6b-581e-4622-9e57-8f2c51a7dae0,Maine,,SANDRAS SEA SHELL CITY,,,,2019-11-22,,,,4633.98,1376.06,,,,
a4b2326b-fb2b-43e7-a9d9-518d2ebed055,Maine,,Hanks Husqvarna,,,,2019-11-25,,,,1484.0,,,,,
3d9afc01-2b3c-45ac-ba34-dfefbf133a92,Maine,,CORE LOGIX LLC,,,,2019-11-25,,,,78617.5,65476.09,,,,
48b8ecdc-65e4-4a6a-bf3b-15f19a94974d,Maine,,Mama Bear In Home Care,,,,2019-11-26,,,,685.13,970.13,,,,
327ea3f7-cf15-4bbf-842a-cf59207e6006,Maine,,Professional Home Care Specialists LLC,,,,2019-12-12,,,,12039.68,12009.95,,,,
0a9819a1-481a-4bd5-920c-dc333f68ab84,Maine,,NEW COMMUNITIES INC.,,,,2019-12-13,,,,65.09,65.09,,,,
f815af0e-9416-4598-8e35-66ffda2f71f2,Maine,,CASTLE TO COTTAGES APPRAISAL,,,,2020-01-02,,,,678.5,678.5,,,,
116ade27-0cc9-45af-a7ba-133c10c61bd8,Maine,,TOWN FAIR TIRE,,,,2020-01-02,,,,152.0,152.0,,,,
c2d792d2-6f61-47e5-92c2-4c7a567ef83d,Maine,,DXC TECHNOLOGY SERVICES LLC,,,,2020-01-02,,,,120.88,120.88,,,,
858172db-c65b-4b41-93fc-5e4da6e9a08b,Maine,,SUBWAY,,,,2020-01-02,,,,10799.24,7799.24,,,,
647cea06-25bf-4a6f-a612-e2b59140e6af,Maine,,AMERICAN AERIAL SERVICES INC,,,,2020-01-02,,,,563.47,563.47,,,,
8fbe43ea-011e-49e4-a006-ae8493967935,Maine,,SULLIVANS AUTOMOTIVE SERVICE I,,,,2020-01-02,,,,69.28,69.28,,,,
46d60dd5-06c2-4be4-805b-a14c69a8fd34,Maine,,BEALS JONESPORT COOP,,,,2020-01-09,,,,556.97,556.97,,,,
83ce9464-85e5-4e9d-88e6-adeadad66766,Maine,,LITTLE CAESARS,,,,2020-01-13,,,,1129.0,1129.0,,,,
7a1d0424-6c61-4526-9019-888685ce5368,Maine,,"TEFIII, LLC - DBA DODO'S MARKET",,,,2020-01-15,,,,13.82,13.82,,,,
a4fc82ec-8aa0-43c8-8405-051251af0147,Maine,,DOWNEAST DRAGONFLY BAR & GRILL LLC,,,,2020-01-22,,,,156.0,150.0,,,,
6c46df72-91db-41b3-b4f8-165bb314aa6f,Maine,,RA MCDOUGALL BUILDERS,,,,2020-01-22,,,,910.0,,,,,
93295077-ace9-484f-bffe-ff9f47877915,Maine,,HAPS CLEANING SERVICE (ADRIENNE Hapsgood),,,,2020-01-27,,,,315.5,315.5,,,,
18a4999e-fcb4-4055-a02e-b5dea73987e2,Maine,,Barker Enterprises Inc,,,,2020-02-04,,,,2112.0,2112.5,,,,
1c1f2e6b-81ea-419b-b961-a3f5612f83a4,Maine,,OGUNQUIT TROLLEY CO LLC,,,,2020-02-10,,,,2924.0,2924.45,,,,
891f1754-10b5-4442-b48f-8c61c2bd148a,Maine,,CAPTAIN DANIEL STONE INN,,,,2020-02-10,,,,4520.23,4520.23,,,,
033e8715-b94c-4e77-b476-e80a0cd4a6f6,Maine,,DAVITA INC,,,,2020-02-10,,,,1963.6,1963.6,,,,
bc3ef566-0546-4d93-bb59-6a8dfc821ea0,Maine,,WESTBROOK PETROL LLC,,,,2020-02-10,,,,336.0,336.0,,,,
3a59274f-bf05-46ab-9406-cdebcce8e95d,Maine,,REEL PIZZA CINERAMA,,,,2020-02-11,,,,92.0,92.0,,,,
39344d00-91e1-46a4-a58f-ccdb5880095b,Maine,,ALL ABOUT KIDS,,,,2020-02-11,,,,4005.03,4005.03,,,,
732d4131-6005-4c27-9263-6fb6ef9f6ccc,Maine,,"APEX Engineering, Inc.(SANDERSON, STEPHEN)",,,,2020-02-18,,,,15553.5,15553.5,,,,
b6e8662d-f099-4d34-8f92-73417e9c0e00,Maine,,The Downtown Press Cafe ( Christopher Bracy),,,,2020-02-24,,,,13153.83,13153.83,,,,
a23ce2fc-eb21-4f88-8c11-a9ea576395e2,Maine,,INTEGRATED SALES SOLUTIONS LLC,,,,2020-02-26,,,,192.0,192.0,,,,
407eab12-622d-4806-8a0c-9839a9cd6426,Maine,,STONESCAPE MASONRY INC (Kurt Snyder),,,,2020-03-02,,,,522.0,522.0,,,,
a9d6a706-a494-47d2-b191-4d028b902dbc,Maine,,AWEAR 4HEMP,,,,2020-03-03,,,,1126.22,1126.22,,,,
525ee1a9-31e4-4a8a-91b5-965d7af9acb9,Maine,,SEABOARD SECURITY INC,,,,2020-03-09,,,,93.0,99.6,,,,
e339af36-6410-4099-8c42-ad189c39d948,Maine,,RUBYS RESTAURANT,,,,2020-03-17,,,,800.0,,,,,
489910a4-b019-4a44-8f6f-1ad0e113c6cb,Maine,,DEXTER DISCOUNT TIRE INC,,,,2020-03-18,,,,9194.0,9194.0,,,,
7ae208d3-df59-439f-b966-73edb7029708,Maine,,Barrettstown Farmhouse,,,,2020-03-20,,,,1350.0,,,,,
c62167dc-8351-4a79-a488-e4430bff9b8d,Maine,,CYCLEBAR,,,,2020-03-24,,,,513.54,513.54,,,,
71814f87-1fb5-451a-9594-223eba14c5c5,Maine,,HAPPY CHINA BUFFET,,,,2020-03-26,,,,430.81,430.81,,,,
970c8a26-35ba-452d-8466-d06e89f506d8,Maine,,KURIOUCITY CHILDCARE & LEARNING,,,,2020-03-26,,,,72.0,,,,,
ffbf8a43-232d-4423-a180-974471986555,Maine,,Mama's World Famous Edibles,,,,2020-03-27,,,,329.0,,,,,
b728f36e-03de-46e5-af2e-8398df53f60c,Maine,,GREAT FALLS DENTAL ASSOCIATES,,,,2020-03-27,,,,47654.98,42130.5,,,,
1cc4d46e-712e-4d66-983f-d733744adf65,Maine,,HOME TOWN BUFFET,,,,2020-04-07,,,,3172.8,3172.8,,,,
2dcbddbd-9d77-489f-b9c3-22e7ca8e3628,Maine,,DON BROWN LAW PC,,,,2020-04-10,,,,316.25,,,,,
a48c7555-afcc-473c-9221-7578a9914213,Maine,,Stephens Pizza,,,,2020-05-07,,,,168.0,168.0,,,,
c31c8f93-f1f3-44da-8021-106e8a52c35d,Maine,,FIRST ATLANTIC HEALTHCARE INC,,,,2020-06-04,,,,5000.0,430.34,,,,
3909ab57-a7e5-492d-88c9-e7cec654b1f8,Maine,,"LAST UNICORN, THE",,,,2020-06-11,,,,243.0,,,,,
4d300d81-bbf4-46de-933e-27750ddf7cd4,Maine,,"Nest Coffee, LLC.",,,,2020-06-19,,,,15.49,15.79,,,,
20610ed6-a207-4595-92fd-c7e1f9ea30cd,Maine,,NAGAD INC,,,,2020-06-22,,,,156.0,156.0,,,,
ac6d8089-b628-4664-a749-61f3b78dd140,Maine,,FEILE RESTAURANT AND PUB,,,,2020-07-08,,,,169.0,169.0,,,,
d7fb0f7f-2b5d-4e3d-ac65-d86ddfb8bddf,Maine,,Grant's Kennebago Camps,,,,2020-07-08,,,,308.0,308.0,,,,
8796204a-c539-4c77-9dc6-72131dd2fde3,Maine,,LAKE GEORGE REGIONAL PARK,,,,2020-07-17,,,,3343.75,3343.5,,,,
a38a1cc5-64d9-4bfb-b614-4c505081f9bd,Maine,,Gerard Asphalt LLC,,,,2020-07-22,,,,817.5,,,,,
f348d5ae-e819-4fd7-9dbe-f8469ebcbce3,Maine,,A&M HOME CARE,,,,2020-07-24,,,,304.0,304.0,,,,
d946c002-f851-4fda-90c4-3c3be7017a32,Maine,,TEQUILA FROGS,,,,2020-07-28,,,,250.32,,,,,
d4988c9a-8f02-4ff4-b667-aa564c052548,Maine,,SEARSPORT SHORES OCEAN CAMPGRO,,,,2020-07-29,,,,492.0,492.0,,,,
0e4b267a-e3fc-4f8a-9728-dd0472ea9805,Maine,,ROGER CAMPBELL FLOORS,,,,2020-08-06,,,,104.0,104.0,,,,
28b49cc8-4233-4e32-a966-b891a3dde5ab,Maine,,SALTY BAY SEAFOOD TAKE OUT,,,,2020-08-17,,,,3025.31,,,,,
28fe1862-d54b-4379-88b9-0152a2d7f70d,Maine,,"GREENS KEEPER LLC, THE",,,,2020-08-20,,,,680.0,,,,,
90bd071f-3aae-4820-b6ce-6659584fd463,Maine,,Spruce Bay Farm & Landscape Inc.,,,,2020-08-20,,,,665.0,665.0,,,,
510d1e39-9703-450c-a39c-4c5da9f1dd89,Maine,,SALTY BAY SEAFOOD TAKE OUT,,,,2020-08-21,,,,76.97,76.97,,,,
71bac459-3a48-46cb-aa11-2c65191da22c,Maine,,L E NORWOOD & SONS,,,,2020-08-21,,,,37.5,37.5,,,,
95806ba6-eed0-4627-b4f0-cf9ff1280e41,Maine,,SODERBERG CONSTRUCTION COMPANY,,,,2020-08-21,,,,82.0,81.25,,,,
30bae438-a984-410b-9240-dcb790c775eb,Maine,,DANIELS ACCESSIBILTY & MEDICAL,,,,2020-08-28,,,,812.6,812.6,,,,
d8b02b0b-811f-4e9c-a397-740f076e1ce0,Maine,,Gammon's HVACR & Food Equipment Repair,,,,2020-09-02,,,,732.4,732.4,,,,
dec7269a-172a-4db4-b34e-96462da53d76,Maine,,Jack Russells Steakhouse and Brewery,,,,2020-09-04,,,,2607.49,2607.49,,,,
036a7195-e9d5-4c7b-b888-1a4a77713a3b,Maine,,Burke Hill Farm,,,,2020-09-04,,,,208.0,208.0,,,,
795c7b68-ab96-424a-858b-4e4f28ce7056,Maine,,Butlers Auto Body,,,,2020-09-08,,,,700.0,700.0,,,,
cb2e5eb2-a452-4aa3-a780-c10b11a9a5da,Maine,,Allegis Global Solutions,,,,2020-09-14,,,,17162.5,17162.5,,,,
c23299c7-10cd-4097-90f1-d5dc95a473e1,Maine,,Pronto Burrito Corp.,,,,2020-09-17,,,,1067.28,1067.28,,,,
e88f1e7a-4aab-48ad-b505-0c25ff9ee765,Maine,,One Call Contracting,,,,2020-09-17,,,,1034.0,1034.0,,,,
5fc90b83-1acd-4e70-9b1c-b8e56dd2e0c4,Maine,,PORTLAND PIE COMPANY,,,,2020-09-21,,,,339.0,339.0,,,,
08a8637f-f087-4fb0-b14c-da0f5aa4e67f,Maine,,Integrated Medicine in Midcoast Maine,,,,2020-09-24,,,,200.0,1452.0,,,,
574c6dee-6e26-4a9c-ae06-d13bd4783d67,Maine,,CENTRAL MAINE HARLEY-DAVIDSON,,,,2020-09-24,,,,51.0,51.0,,,,
debe917a-8f83-400f-940c-fc1f2ca38540,Maine,,FAMILY DOLLAR INC,,,,2020-09-25,,,,527.5,527.5,,,,
5e6aaca7-3b54-41e6-953a-86b8258db59f,Maine,,TWIN CITY RADIATOR ALTERNATER,,,,2020-09-28,,,,631.63,631.63,,,,
987d75b6-8246-48a4-aaf2-6bc45a257fe8,Maine,,MOODYS COLLISION CENTERS INC,,,,2020-09-29,,,,672.0,756.0,,,,
1b8336e4-9897-4b78-87b7-963e1e497a72,Maine,,RICHARD ROY MASONRY,,,,2020-10-06,,,,30.0,30.0,,,,
d30d3046-d874-43ff-85e2-b9a8f46f0860,Maine,,Demoulas Supermarket Inc,,,,2020-10-14,,,,106.25,,,,,
e5cccd5d-9950-40a3-bdd4-c7752b6597f7,Maine,,CARVER CONSTRUCTION INC,,,,2020-10-26,,,,1162.4,1162.4,,,,
5e54ba57-b15c-4744-8718-8c11794ccc66,Maine,,C&E FEEDS,,,,2020-10-30,,,,2700.58,,,,,
2c261f9b-062d-4487-ae8f-fb8a2f4211e3,Maine,,MoeSoap,,,,2020-11-09,,,,125.0,104.55,,,,
9eea2752-4eda-4ab7-b497-7da400cc4a8f,Maine,,UNITED PARCEL SERVICE INC,,,,2020-11-10,,,,1531.11,1531.11,,,,
3ace7872-4c2a-46f5-8436-0f310601937c,Maine,,Volt Workforce Solutions,,,,2020-11-10,,,,3498.0,3498.0,,,,
4304bec8-1795-4733-8e4c-0e2534328637,Maine,,MANPOWER TEMPORARY SERVICES,,,,2020-11-20,,,,6122.03,6122.03,,,,
fcf5b679-c373-4d63-b10f-c824deece292,Maine,,JUST ME INC,,,,2020-11-23,,,,12.0,,,,,
ea21175d-e61c-4cda-b1b5-01b8a4a2a4a1,Maine,,"SEA STAR MARKET, THE",,,,2020-11-23,,,,614.07,614.07,,,,
256836e5-9d05-4969-8338-c67eb0bdaaf4,Maine,,Maine Mall Eye Care,,,,2020-11-30,,,,1920.5,1920.5,,,,
70b48b18-8f36-498e-b8ce-59a005299526,Maine,,Dunkin Donuts Hollis,,,,2020-12-03,,,,990.28,990.28,,,,
b8d6961f-64b6-44c9-a122-2b9d82595c63,Maine,,MidCoast Construction,,,,2020-12-14,,,,8000.0,8000.0,,,,
9747c057-2910-43a2-9355-0ae4a57ed539,Maine,,"Modern Decorators, LLC",,,,2020-12-16,,,,1745.22,1745.22,,,,
9815657a-8bbf-428c-ad1a-015c0d3f6087,Maine,,VARANO'S,,,,2019-05-31,,,,9711.04,6754.05,,,,
ba8e0368-6dba-4662-bdff-0dd1d47d35dd,Maine,,BILLY'S CHOWDER HOUSE,,,,2019-06-27,,,,6228.52,1994.93,,,,
33c4417d-d3f1-45b0-9175-5eee927489dc,Maine,,Ogunquit Beach Lobster House,,,,2019-10-28,,,,11218.22,10678.34,,,,
c1da29ac-cb80-48fd-824c-10d24c80eaf0,Maine,,"H&D ENTERPRISES, LLC",,,,2020-02-13,,,,40591.32,39089.36,,,,
c3ec2ccd-4e7a-4255-b1b7-a56bcbe28337,Maine,,PILLARS COMMUNITY OUTREACH INC,,,,2020-03-11,,,,140.0,140.0,,,,
a700d87f-9940-4fa9-9067-418e6a2a6ce6,Maine,,"NINJA HOUSE, INC.",,,,2020-03-31,,,,2917.46,5825.92,,,,
96a3fd13-2fb2-4960-8df7-7d545072cc31,Maine,,The Provender Kitchen & Bar,,,,2020-10-13,,,,608.81,608.81,,,,
ddf315ed-fe11-48f9-95ca-29767c4ffede,Maine,,FIVE GUYS BURGERS & FRIES,,,,2020-10-21,,,,813.95,2411.58,,,,
90736632-146c-4cc7-82ff-40b7824917ef,Maine,,Abbott Laboratories,,,,2020-10-22,,,,1710.0,1710.0,,,,
ae8130c1-0bd0-4a63-8cac-1076a5396c5f,Maine,,SACOPEE RESCUE UNIT INC.,,,,2020-11-25,,,,27441.22,27441.22,,,,
f7ad3fd0-fda3-4759-a769-641e72ec2356,Maine,,Pronto Burrito Corp.,,,,2020-12-09,,,,123.5,123.5,,,,
e84d80e4-e474-453d-82a0-1c765e4bf60a,Maine,,THERAPY SOLUTIONS LLC,,,,2020-12-16,,,,587.25,587.25,,,,
6f22686a-9a68-46c1-b063-b64b5420e68d,Maine,,"A-H Custom Builders, Inc",,,,2020-12-28,,,,1500.0,1500.0,,,,
5de8ca8e-c695-45b6-ac36-371aec736d65,Maine,,"Citizens of Maine, LLC",,,,2020-12-29,,,,32.8,32.8,,,,
86a8cd20-6fe3-4ae2-aad1-db506e8c4a18,Maine,,START TO FINISH CLEANING,,,,2020-12-31,,,,590.24,590.24,,,,
f65c6b1d-4fef-496f-8bbd-811d68654959,Maine,,"Troy Contractors, LLC",,,,2021-01-04,,,,5610.0,5610.0,,,,
a91101b4-0d1f-4a9a-bc68-3ba427edfc19,Maine,,JUST ME INC,,,,2021-01-06,,,,324.0,324.0,,,,
7e8840e0-b0be-464f-86d2-2e0eeb0f324c,Maine,,ROAD RUNNER TAXI LLC,,,,2021-01-15,,,,350.0,350.0,,,,
67ad72c5-e061-4346-af6e-3979d8e7647f,Maine,,Maine Heating Solutions,,,,2021-01-21,,,,1302.0,1302.0,,,,
91221861-d95b-4b2e-8451-7eb5da72124e,Maine,,One Call Contracting,,,,2021-01-21,,,,1386.0,1386.0,,,,
b54a6223-4505-48f6-91b2-4491850a322f,Maine,,K's Taxi,,,,2021-01-22,,,,1116.0,670.0,,,,
1ec04401-0231-4fd6-817b-6071e029291a,Maine,,GOTTADO CONTRACTING LLC,,,,2021-02-01,,,,320.0,320.0,,,,
9ae623ca-222b-4029-a7e5-8d887327ebe6,Maine,,WHEN PIGS FLY INC,,,,2021-02-03,,,,91.32,91.32,,,,
53794d7b-2b5f-47df-bcbe-b143ec8bedc5,Maine,,COASTLINE ELECTRIC CO INC,,,,2021-02-04,,,,701.0,1.72,,,,
15335cb6-301e-43a2-9ab9-0b31dea940de,Maine,,PANERA BREAD,,,,2021-02-09,,,,584.93,584.93,,,,
7feccb57-3657-4875-91f7-c4fe471a5475,Maine,,SADDLEBACK MOUNTAIN,,,,2021-02-10,,,,560.0,0.0,,,,
919aaa79-4db6-48b4-932b-c53c99d95113,Maine,,AMERICAN SECURITY ALARM INC,,,,2021-02-11,,,,3257.0,,,,,
70cf3028-81f4-40cf-98cf-f0753ea78380,Maine,,MELLEN STREET MARKET,,,,2021-02-19,,,,3695.58,0.0,,,,
fba7a307-62a1-44e7-a608-5765c8f39b0b,Maine,,Kevins Produce Transfer LLC,,,,2021-02-22,,,,540.0,540.0,,,,
9b119d41-d18b-49c5-ac4c-91b0b7419f5b,Maine,,Peaceful Souls,,,,2021-02-22,,,,1700.0,,,,,
9762ad75-5e61-4191-a81d-83de9962cac5,Maine,,COWORX STAFFING SERVICES LLC,,,,2021-02-22,,,,2634.07,2634.07,,,,
8f07c1aa-8254-4c34-a4ca-56874f48ff72,Maine,,JUST ME INC,,,,2021-03-02,,,,833.83,0.0,,,,
382e78c9-06ca-446d-8f05-636a3c0013f4,Maine,,The Hope Group,,,,2021-03-03,,,,2500.0,2500.0,,,,
b5ee0fa1-a5ba-4eee-ab19-7d5cf2d4817c,Maine,,Manchester Motors,,,,2021-03-03,,,,6531.16,13062.32,,,,
d070a118-e800-421b-b71c-fdc25ee6332e,Maine,,The Healthy Cannabis Co.,,,,2021-03-08,,,,444.92,444.92,,,,
b2dbcdfb-523d-4c04-9c0b-4e672e5b3d56,Maine,,BENCHMARK CLEANING & SUPPLY IN,,,,2021-03-10,,,,460.75,460.75,,,,
05302257-8d63-4f20-acab-76a7217804f7,Maine,,Jason NADEAU & Sons LLC,,,,2021-03-10,,,,9441.43,9441.46,,,,
8345bc34-04d9-4a00-aa0a-52d94bbac6a4,Maine,,VETERANS OF FOREIGN WARS POST,,,,2021-03-15,,,,62.08,62.08,,,,
250f87d9-fe1e-49cb-870b-1a17544f613f,Maine,,JLL Enterprises LLC,,,,2021-03-15,,,,1600.0,0.0,,,,
1cd29d03-702f-4413-ba6f-a0859f7b1ea4,Maine,,MAINE HOUSING & BUILDING MATER,,,,2021-03-22,,,,2132.34,2500.0,,,,
f2a73e3b-2c65-4c0f-97ad-00e659f8c910,Maine,,Warren's Waterfront Restaurant,,,,2021-03-22,,,,38.04,38.04,,,,
6d0e0e30-7727-425d-9a5f-08b58848f817,Maine,,The Healthy Cannabis Company,,,,2021-03-22,,,,2434.37,646.17,,,,
59cdbb99-e4db-44c9-b96a-abbe41472278,Maine,,El Tequila Mexican Restaurant,,,,2021-03-23,,,,662.72,662.72,,,,
a0f44fc4-80bc-45f5-9208-963b238b0b11,Maine,,R MARQUIS Construction LLC,,,,2021-03-25,,,,1731.57,1731.57,,,,
c0186b91-204d-4484-b176-d3c2de03e059,Maine,,Biome,,,,2021-03-29,,,,4400.0,4400.0,,,,
3700e94e-d802-4847-b4e1-f3fbec26a0b1,Maine,,LEE'S FAMILY TRAILER SALES & S,,,,2021-04-07,,,,21000.0,2605.3,,,,
9e0bcdcb-dda2-489d-b490-298b5c928249,Maine,,PARADIGM WINDOWS SOLUTIONS,,,,2021-04-12,,,,760.0,760.0,,,,
b4fb5f41-4835-495b-a8e6-8ebaecc5d840,Maine,,Luchador Tacos,,,,2021-04-12,,,,60726.39,66501.98,,,,
70a9d75b-00af-4dce-ad9a-43b051f1c0b5,Maine,,ADUSA Dist. LLC,,,,2021-04-22,,,,525.0,525.0,,,,
4e29b853-5257-4c24-9198-63e859367290,Maine,,GREAT FALLS MARKETING LLC,,,,2021-04-28,,,,227.89,227.89,,,,
5f85a4c5-1410-407d-bd39-07096dc472ac,Maine,,York Beach Surf Club,,,,2021-04-30,,,,6691.58,6692.07,,,,
e7e10127-5b00-463a-9a0a-3ccb0f3f28e6,Maine,,KATHRYN HUGHES ASSOCIATES INC,,,,2021-05-03,,,,518.67,518.67,,,,
97dfe0bd-fd44-4a9f-b38d-97aebb6fa54a,Maine,,BEAR HILL ELECTRIC LLC,,,,2021-05-03,,,,1087.73,1087.73,,,,
5308d730-5f14-47d1-a4e8-7b3956d671bf,Maine,,HARPSWELL COASTAL ACADEMY INC,,,,2021-05-05,,,,64.13,64.13,,,,
f978b966-9c6b-4692-af2c-48b7936b0caf,Maine,,PUBLICOVER SECURITY SERVICE I,,,,2021-05-05,,,,1503.0,1503.0,,,,
f06ebb09-46c5-4614-bbcb-c44aa25fb4ac,Maine,,NORTHEAST DRIVING School LLC,,,,2021-05-12,,,,68.0,68.0,,,,
2b634e81-a24e-4563-950c-eedb67954e72,Maine,,Bangor / Holden KOA Holiday,,,,2021-05-17,,,,202.97,202.97,,,,
65bc268e-06ec-4ccb-a475-624dde9f5735,Maine,,MCDONALDS,,,,2021-05-25,,,,150.32,150.32,,,,
06de5ce1-fd79-450b-918f-c3e6be82bf37,Maine,,Concorde Jet Center,,,,2021-06-02,,,,1172.5,1172.5,,,,
b25aed65-7f7c-4676-977b-6aa22589832a,Maine,,SAVILINX LLC,,,,2021-06-02,,,,522.75,374.51,,,,
3c2a0989-85b6-4a59-85ee-a7373d1b9552,Maine,,IHOP - SACO,,,,2021-06-03,,,,243.0,,,,,
e6955000-c712-4410-9f63-4c40bca2fae6,Maine,,New Acadia Solutions LLC,,,,2021-06-04,,,,422.5,,,,,
afb9d3ea-e081-4b8e-a89b-824c5ba5e05a,Maine,,WAL MART SUPERCENTER,,,,2021-06-07,,,,700.0,700.0,,,,
45fb991b-1f62-4b64-955d-cb1c43a1ab0a,Maine,,Coastline Homes OpCo LLC,,,,2021-06-09,,,,31452.82,31452.82,,,,
10300391-60b8-4dc2-b023-4b77e19f1715,Maine,,Keystrokes Transcription Services Inc,,,,2021-06-10,,,,9671.04,9671.04,,,,
3e40ad5b-9b95-4f2c-9662-1b921b281dcc,Maine,,A&M HOME CARE,,,,2021-06-17,,,,265.05,265.05,,,,
3fe11350-bc33-44bc-b3f9-e78c859d9e5c,Maine,,SANDPIPER MOTEL,,,,2021-06-21,,,,40.0,40.0,,,,
bde1d220-b82b-4128-b6fe-8daf54f0e871,Maine,,GRANTS KENNEBAGO CAMPS INC,,,,2021-06-22,,,,450.0,450.0,,,,
3282f8e9-bb39-40cc-abed-794552369ca1,Maine,,Salmon Run Farms,,,,2021-06-23,,,,448.63,448.63,,,,
49debcdb-3b42-4e12-8bcc-9f32b7617807,Maine,,Fogtown Brewing Company LLC,,,,2021-06-28,,,,1283.37,1283.37,,,,
d688c93e-d1ef-45df-b3a6-8e1a258d1d24,Maine,,All Kind LLC,,,,2021-07-06,,,,400.0,400.0,,,,
cd87c029-522e-4349-b1d6-10bba819df5c,Maine,,OLD TOWN RECREATION CENTER,,,,2021-07-07,,,,4235.8,4235.8,,,,
b248a174-ff4c-441a-9931-c0bfce2f714a,Maine,,Greater Pen-bay Drving Academy,,,,2021-07-13,,,,300.0,300.0,,,,
3c20f1c8-4b69-4e2e-b756-8a501c6606f3,Maine,,Salmon Run Farms,,,,2021-07-15,,,,432.99,432.99,,,,
cf960de0-cc51-4589-a27e-6da9b30e48b4,Maine,,MOOSE ALLEY,,,,2021-07-15,,,,3175.62,3175.62,,,,
b822a78f-d808-4cd0-ae1e-59114696766e,Maine,,GENESIS HEALTHCARE LLC,,,,2021-07-26,,,,110.82,110.82,,,,
71b737da-0cc1-4fff-98fa-f27661f73ce9,Maine,,Dockside Restaurant & Bar,,,,2021-07-26,,,,923.08,923.08,,,,
9905e346-7c47-4085-b3cd-25ef290e918e,Maine,,Nouria Energy,,,,2021-07-29,,,,89.0,89.0,,,,
6723ba35-c035-47f7-aba9-ef03ae3a868e,Maine,,T Y LIN INTERNATIONAL,,,,2021-07-29,,,,6846.49,6846.49,,,,
43ef115d-9485-46ca-8ce0-9a976ec0377b,Maine,,MAINE-AIK LLC,,,,2021-07-30,,,,5250.0,5250.0,,,,
e5d98bac-713e-43eb-b2d9-fe4e5bc065ea,Maine,,FREEPORT HARDWARE,,,,2021-08-04,,,,291.6,291.6,,,,
27b62ebc-070d-4f09-b8b8-02affff6393e,Maine,,CENTRAL MAINE HEALTHCARE CORP,,,,2021-08-16,,,,3075.39,3075.39,,,,
35a20b10-bd96-48eb-a3f5-875894e1d8ef,Maine,,Trinity Health Corp,,,,2021-08-17,,,,218.62,218.62,,,,
2868201f-4afa-41e4-a576-6769294f2289,Maine,,Express Factory Outlet,,,,2021-08-20,,,,45.0,45.0,,,,
790285b8-2630-498a-83ce-321222305260,Maine,,1800 Club,,,,2021-08-23,,,,148.11,,,,,
7e514be9-665e-4e16-9324-02496595b9f9,Maine,,Chebeague Island Inn LLC,,,,2021-08-24,,,,1260.35,1260.35,,,,
1b18ac48-8a8e-478a-8dae-8313f16cbe03,Maine,,Belanger Tree Care,,,,2021-08-24,,,,726.25,726.25,,,,
6d6c023f-3606-49d5-b38c-5fd21ba74f30,Maine,,Spartan Construction LLC,,,,2021-08-25,,,,591.28,591.28,,,,
b052f4ba-a560-41ec-befe-ce8b80dec2d4,Maine,,St. Croix Snack Shack,,,,2021-08-26,,,,38.7,38.7,,,,
2f41ae7c-9aeb-44dd-aa4c-8ef380dd87b6,Maine,,UNITY SHOP N SAVE,,,,2021-08-30,,,,2220.32,220.32,,,,
ba0a89ac-f38c-4bc5-b3b8-c406e8bfbf41,Maine,,NOURIA ENERGY RETAIL INC,,,,2021-09-02,,,,18.22,18.22,,,,
5255d807-4f86-43dd-9df2-ac8a4051bc71,Maine,,Grant's Kennebago Camps,,,,2021-09-03,,,,218.75,218.75,,,,
0f30efe3-0ac2-4c22-b607-2aec6eac7a83,Maine,,PRATT & WHITNEY AIRCRAFT GROUP,,,,2021-09-07,,,,926.1,926.1,,,,
f204d905-7305-49c1-a698-4c25990124ed,Maine,,TOWN HILL BISTRO LLC,,,,2021-09-13,,,,720.0,720.0,,,,
adadb95e-1749-4279-8c43-6b701ca5eff2,Maine,,New Acadia Solutions LLC,,,,2021-09-14,,,,185.5,185.5,,,,
679229be-a0d6-4d43-8ba3-4c19ce36eac3,Maine,,PJM Cleaning & Home Improvement,,,,2021-09-15,,,,701.5,701.5,,,,
ba161653-7a3a-4e8e-acfe-c390162e51cb,Maine,,Allied Universal Security Services,,,,2021-09-16,,,,166.96,166.96,,,,
4f59e431-1792-41fc-b8f7-71decb4d7081,Maine,,Burger King 95 South,,,,2021-09-17,,,,990.0,990.0,,,,
61a63e9d-2eca-495a-915f-e239b64715e5,Maine,,Corporate Environmental Advisors,,,,2021-09-22,,,,7323.08,7323.08,,,,
caa012dc-91c6-4266-9faa-f7cbd86de85d,Maine,,BRANCHES LLC,,,,2021-09-27,,,,500.0,500.0,,,,
17565a32-b6da-4b41-811a-042ba316b115,Maine,,SEQUELCARE OF MAINE LLC,,,,2021-09-27,,,,100.0,100.0,,,,
a0a4879b-fe0f-4d90-888c-9282bfd7317b,Maine,,Royal Bees and Honey,,,,2021-09-28,,,,1910.0,1910.0,,,,
5f0cb780-4340-4fda-aa37-3ebcec625728,Maine,,Village Pizzeria,,,,2021-09-28,,,,174.54,174.54,,,,
e44725b7-272e-47bb-bd25-203ce7e3b61d,Maine,,HARPSWELL COASTAL ACADEMY INC,,,,2021-10-05,,,,3298.36,3298.36,,,,
80de0024-8d12-4c8b-949f-4cb5e9e928a6,Maine,,CosMedix and Cryo Med Spa,,,,2021-10-05,,,,225.0,225.0,,,,
a9545cc5-ee46-4cd4-9ea9-709513bb61d6,Maine,,BETHEL INN & COUNTRY CLUB,,,,2021-10-07,,,,159.27,159.27,,,,
0f9e109c-9e69-4e83-9638-cbb1e19c6466,Maine,,SPRING BROOK ICE AND FUEL CO,,,,2021-10-18,,,,388.8,388.8,,,,
102468d0-68a5-49cf-b589-0b61acce2bfa,Maine,,Bad Apple,,,,2021-10-18,,,,1412.5,1412.5,,,,
de2607d7-11a9-4579-9ffe-b4858b801804,Maine,,Bradbury Painting,,,,2021-10-21,,,,288.0,288.0,,,,
8911ee0e-a6c5-419a-8b0a-cbe8febe5acd,Maine,,SCARBOROUGH TERRACE,,,,2021-10-21,,,,112.5,112.5,,,,
56a59c23-91a7-4423-b767-4c21f0e6f315,Maine,,Corporate Environmental Advisors,,,,2021-10-26,,,,44693.94,44693.94,,,,
e0e3b14d-93f0-4eaa-a96e-7b54b0fd0b12,Maine,,PERUVIAN LINK CO,,,,2021-11-01,,,,617.46,617.46,,,,
2dda2d44-4e74-4d6f-8d9f-5205c230b50a,Maine,,Quoddy Incorporated,,,,2021-11-05,,,,120.0,120.0,,,,
d869841a-3c4f-411d-96ec-f99456a4beee,Maine,,ECOCOR LLC,,,,2021-11-09,,,,876.0,876.0,,,,
62914aaf-c27c-4499-95c4-90ff05b2d225,Maine,,BRIGHT BEGINNING'S CHILDCARE C,,,,2021-11-09,,,,150.0,150.0,,,,
f6806caf-f19e-4b36-844a-187c80368593,Maine,,SAVILINX LLC,,,,2021-11-15,,,,584.39,584.39,,,,
9a5bebdd-f6cb-45cf-b112-6949bd9aa101,Maine,,D&S BUILDERS LLC,,,,2021-12-06,,,,595.0,595.0,,,,
2c9d12a0-4fb5-40a7-af0d-70bed472306e,Maine,,ALMIGHTY WASTE INC,,,,2021-12-10,,,,314.5,314.5,,,,
63b67c06-f367-4fd3-b617-58adec0e07c1,Maine,,New Tides Residential,,,,2021-12-13,,,,4000.0,4153.0,,,,
b46dae84-91f2-4052-91bc-57be6cead746,Maine,,Portland CITY HALL,,,,2021-12-14,,,,77.12,77.12,,,,
b3b4d47a-b8ae-4f05-8a24-c83f447f9218,Maine,,Teacher's House Childcare,,,,2021-12-20,,,,1049.6,1049.6,,,,
ebe602f5-73fa-46f2-b97c-85120770779b,Maine,,H B PROVISIONS INC,,,,2021-02-01,,,,439.53,439.53,,,,
c3c582bf-9e5e-460b-ba63-4b39538909a9,Maine,,Global Tech Holdings Inc,,,,2021-08-26,,,,3207.75,,,,,
c4b1a1a8-809a-47ef-b3d4-9dd0ef1a5c85,Maine,,CREW OGT LLC,,,,2021-11-10,,,,591.83,591.83,,,,
53a215a5-f977-4ef2-b872-ae2ebc8f3be3,Maine,,Ieronimo Holdings LLC,,,,2021-11-17,,,,1795.5,,,,,
eb749a36-4c32-4ca0-97e7-487e76056910,Maine,,Superior Fence Inc,,,,2021-11-30,,,,2831.28,2831.28,,,,
caca9a18-2ba2-41e3-a493-fa121cfb3917,Maine,,CENTRAL MAINE HEALTHCARE CORP,,,,2021-12-06,,,,1896.75,1896.75,,,,
cf7ade6b-bae8-4bd5-ac1a-ec08260f0606,Maine,,Greenery Cafe,,,,2021-12-09,,,,664.13,613.32,,,,
56685cd9-16de-40c1-b6ab-a7dd9aabd7d5,Maine,,Global Tech Holdings Inc,,,,2022-01-07,,,,20.0,,,,,
b42f8404-e9e3-4d71-868f-69595cb342ea,Maine,,Georges River Mercantile,,,,2022-01-07,,,,112.0,112.0,,,,
c06b4422-a6b3-4641-8b31-f1d5490f00eb,Maine,,Armor Correctional Healthcare,,,,2022-01-11,,,,690.08,690.08,,,,
99b853f1-014c-452f-83b9-f8a20dc58b73,Maine,,MAINE MEDICAL CENTER,,,,2022-01-18,,,,1436.73,1436.73,,,,
ae27ad5e-dba5-40c3-b502-6f6cf904bdab,Maine,,Jade Integrated Health,,,,2022-01-20,,,,840.0,840.0,,,,
e70243e5-2206-445f-a866-648c975e2a5f,Maine,,UNITED PARCEL SERVICE,,,,2022-01-24,,,,513.42,513.42,,,,
9df3eb34-5529-4fa1-97ae-0c5d0f6c37a6,Maine,,TOWNE MOTEL,,,,2022-01-25,,,,236.48,236.48,,,,
b279eda9-7c72-4753-9f7b-dbb4a51fd7c0,Maine,,T-Mobile,,,,2022-01-26,,,,147.0,147.0,,,,
e56c10b4-5bf9-4718-83c5-b43bfc49312d,Maine,,STEVES APPLIANCE SERVICE & SAL,,,,2022-01-27,,,,757.0,772.72,,,,
d7b74e79-6529-42cd-8245-bf1ef3db59d4,Maine,,ADVANCED MODIFICATIONS,,,,2022-01-27,,,,369.48,369.48,,,,
86785f70-25fe-44ec-a8a3-611b247dce6b,Maine,,FALMOUTH COUNTRY CLUB,,,,2022-01-28,,,,1057.69,1057.69,,,,
89b0d1ab-ee2f-4fee-9346-6430e557b59c,Maine,,H E CALLAHAN CONSTRUCTION COMPANY,,,,2022-02-07,,,,101.24,101.24,,,,
a156a3c3-c7a0-4d0c-a011-fcdb2742ec74,Maine,,UNIFIRST CORPORATION,,,,2022-02-07,,,,1010.0,,,,,
517cbaad-32b1-4ab6-b4d9-4f7e209092ce,Maine,,MedPro Associates,,,,2022-02-10,,,,307.65,307.65,,,,
417e3c91-3f01-4cc1-a10c-31c02c457cea,Maine,,Blossoms Childcare Center,,,,2022-02-23,,,,2161.0,2261.0,,,,
88312c19-3b05-43b6-8551-08279b47af46,Maine,,ARABICA COFFEE COMPANY INC,,,,2022-02-24,,,,2195.55,2020.24,,,,
46ed7c86-61dd-43be-b1df-759d03be7e7b,Maine,,1 Stop Cleaning Solutions of America,,,,2022-02-24,,,,119.96,,,,,
9fa5af5c-dc36-4935-a8d8-9b6a398dba3a,Maine,,Little Neros Pizza Company,,,,2022-03-01,,,,3980.88,,,,,
0d2a6a79-fa25-44bd-be62-7da83b769c44,Maine,,"Boba Holding, LLC",,,,2022-03-03,,,,1095.82,886.89,,,,
c781ed91-b6d7-42fe-aa35-5a593d53ca2b,Maine,,COLLINS ENTERPRISES INC,,,,2022-03-08,,,,220.0,220.0,,,,
a9c083b8-a3a1-41b2-99f6-fbbe276dba85,Maine,,Ralph Smith,,,,2022-03-11,,,,13215.0,13215.0,,,,
dd6284f0-5283-4d1d-b8de-7b2a77d86021,Maine,,CHARLIE'S Restaurant,,,,2022-03-14,,,,349.67,193.38,,,,
90af7dd6-a2d6-4237-9190-e87e023f1ff1,Maine,,Highbrow Studio,,,,2022-03-14,,,,3620.5,3620.5,,,,
2ca1fcb9-3535-4969-83a2-e19fcb00810e,Maine,,Twelve North Agency,,,,2022-03-14,,,,6000.0,6000.0,,,,
e0fe65e1-d854-46c3-adb0-0ba9bd95785e,Maine,,East Atlantic Seafood Trading,,,,2022-03-15,,,,1400.0,1400.0,,,,
724a5df6-e9d0-482e-9b02-e8ae8da4fc31,Maine,,DUNKIN DONUTS,,,,2022-03-22,,,,26.05,26.05,,,,
ffb38661-0d6d-4ec1-8767-7e6a6243a732,Maine,,PORTLAND SMILES PA,,,,2022-03-23,,,,4464.0,,,,,
f85563c3-037c-4d82-a4bb-ebe81da2d0b9,Maine,,NORTH COUNTRY ASSOCIATES,,,,2022-03-25,,,,1836.16,1836.16,,,,
54cb5c38-6ce2-4073-a8e0-1804cbead87c,Maine,,CHINA COOKIE,,,,2022-03-30,,,,586.5,586.5,,,,
cb084368-3a77-4ad2-9a64-bf468ab00303,Maine,,KENTUCKY FRIED CHICKEN,,,,2022-03-31,,,,860.35,860.35,,,,
f566d398-d98d-4482-a025-696c5dc305dd,Maine,,PRATT & WHITNEY AIRCRAFT GROUP,,,,2022-04-05,,,,133.12,133.12,,,,
82f96b52-8a8c-4692-b87f-30a7564ec37c,Maine,,WINDHAM INDOOR SHOOTING RANGE,,,,2022-04-11,,,,5805.36,5805.36,,,,
1f731976-1ea3-46c9-9108-4ebfc83e5674,Maine,,Bare Waxing Boutique,,,,2022-04-19,,,,300.0,312.0,,,,
954a5107-6a09-48ea-8547-c4bb844d8004,Maine,,DUNKIN DONUTS,,,,2022-04-22,,,,280.64,208.64,,,,
2a53db83-5469-4791-ae2f-d50903bfc72d,Maine,,Luke's Lobster LLC,,,,2022-04-25,,,,290.27,7410.04,,,,
82cb9cce-6fa5-4a36-969b-31050e555f1d,Maine,,Pat's Pizza-Brunswick,,,,2022-05-19,,,,72.1,72.1,,,,
8179f17c-1434-4e60-9a89-ba264fb5a836,Maine,,PRESQUE ISLE INN & CONVENTION,,,,2022-05-19,,,,9418.63,9418.63,,,,
4211b7d3-a736-4dd3-b069-a0f129a9bde0,Maine,,"Trust In Us, LLC",,,,2022-05-19,,,,2173.92,2173.92,,,,
d59c03a4-3937-476c-9f29-50f0bee6c1e2,Maine,,Aerotek Staffing & Recruiting,,,,2022-06-29,,,,350.0,350.0,,,,
193f469f-6ba8-417e-805c-f0b2f037d0f1,Maine,,Luchador Tacos,,,,2022-07-12,,,,137.38,137.38,,,,
4a63a960-8d41-434d-ac13-86c01db239b0,Maine,,Affinity Nutrition,,,,2022-06-28,,,,972.0,972.0,,,,
de3028e4-8bd8-4abd-9c59-c50de5f1c6bf,Maine,,BRU THRU,,,,2022-08-22,,,,481.59,481.59,,,,

